q,q_ind_npass,v,gv,sp,diff
25.302020202020206,51,-180.0,1.08867432354148,0.20013197875107408,0.888542344790406
25.302020202020206,51,-179.8559423769508,1.0886789243689745,0.20014642251548917,0.8885325018534853
25.302020202020206,51,-179.71188475390156,1.0886927224871423,0.20018975508402587,0.8885029674031164
25.302020202020206,51,-179.56782713085235,1.0887157048028937,0.20026198028206166,0.888453724520832
25.302020202020206,51,-179.42376950780312,1.0887478494939131,0.20036310448357064,0.8883847450103425
25.302020202020206,51,-179.2797118847539,1.0887891260079183,0.20049313660864018,0.8882959893992781
25.302020202020206,51,-179.13565426170467,1.0888394950616471,0.2006520881199926,0.8881874069416545
25.302020202020206,51,-178.99159663865547,1.0888989086394794,0.20083997301851092,0.8880589356209685
25.302020202020206,51,-178.84753901560623,1.088967309991906,0.2010568078377679,0.887910502154138
25.302020202020206,51,-178.70348139255702,1.089044633633574,0.2013026116375544,0.8877420219960196
25.302020202020206,51,-178.55942376950782,1.0891308053411797,0.20157740599640642,0.8875533993447733
25.302020202020206,51,-178.41536614645858,1.0892257421510292,0.20188121500312742,0.8873445271479018
25.302020202020206,51,-178.27130852340937,1.0893293523563565,0.20221406524730284,0.8871152871090537
25.302020202020206,51,-178.12725090036014,1.0894415355044313,0.2025759858088031,0.8868655496956283
25.302020202020206,51,-177.98319327731093,1.0895621823933976,0.20296700824627248,0.8865951741471252
25.302020202020206,51,-177.8391356542617,1.0896911750688922,0.2033871665845975,0.8863040084842948
25.302020202020206,51,-177.6950780312125,1.0898283868204992,0.20383649730135395,0.8859918895191452
25.302020202020206,51,-177.55102040816325,1.0899736821779433,0.20431503931222253,0.8856586428657208
25.302020202020206,51,-177.40696278511405,1.0901269169071819,0.2048228339553728,0.8853040829518091
25.302020202020206,51,-177.26290516206484,1.0902879380062787,0.2053599249748076,0.8849280130314711
25.302020202020206,51,-177.1188475390156,1.090456583701192,0.20592635850266294,0.884530225198529
25.302020202020206,51,-176.9747899159664,1.0906326834413695,0.20652218304045453,0.884110500400915
25.302020202020206,51,-176.83073229291716,1.0908160578952966,0.2071474494392688,0.8836686084560278
25.302020202020206,51,-176.68667466986795,1.091006518945941,0.20780221087888825,0.8832043080670527
25.302020202020206,51,-176.54261704681872,1.0912038696861253,0.20848652284584532,0.8827173468402799
25.302020202020206,51,-176.3985594237695,1.0914079044139087,0.20920044311039612,0.8822074613035126
25.302020202020206,51,-176.25450180072028,1.0916184086278857,0.20994403170240777,0.881674376925478
25.302020202020206,51,-176.11044417767107,1.0918351590225743,0.21071735088614982,0.8811178081364245
25.302020202020206,51,-175.96638655462186,1.0920579234837944,0.2115204651339835,0.8805374583498109
25.302020202020206,51,-175.82232893157263,1.092286461084108,0.21235344109893545,0.8799330199851727
25.302020202020206,51,-175.67827130852342,1.0925205220783645,0.21321634758615252,0.879304174492212
25.302020202020206,51,-175.53421368547419,1.0927598478993839,0.21410925552322527,0.8786505923761586
25.302020202020206,51,-175.39015606242498,1.0930041711538014,0.21503223792937004,0.8779719332244313
25.302020202020206,51,-175.24609843937574,1.0932532156180772,0.21598536988346176,0.8772678457346155
25.302020202020206,51,-175.10204081632654,1.0935066962346949,0.21696872849090526,0.8765379677437897
25.302020202020206,51,-174.9579831932773,1.0937643191086777,0.21798239284933768,0.87578192625934
25.302020202020206,51,-174.8139255702281,1.0940257815043348,0.21902644401314567,0.8749993374911892
25.302020202020206,51,-174.6698679471789,1.0942907718424033,0.2201009649567951,0.8741898068856082
25.302020202020206,51,-174.52581032412965,1.094558969697437,0.22120604053695267,0.8733529291604842
25.302020202020206,51,-174.38175270108044,1.0948300457957223,0.22234175745339518,0.8724882883423271
25.302020202020206,51,-174.2376950780312,1.095103662013517,0.2235082042086916,0.8715954578048255
25.302020202020206,51,-174.093637454982,1.0953794713758116,0.22470547106664532,0.8706740003091663
25.302020202020206,51,-173.94957983193277,1.0956571180556476,0.22593365000948973,0.8697234680461579
25.302020202020206,51,-173.80552220888356,1.0959362373739254,0.22719283469381546,0.86874340268011
25.302020202020206,51,-173.66146458583432,1.0962164557998606,0.22848312040522864,0.8677333353946319
25.302020202020206,51,-173.51740696278512,1.0964973909520257,0.22980460401171524,0.8666927869403105
25.302020202020206,51,-173.37334933973588,1.0967786516001634,0.2311573839157126,0.8656212676844508
25.302020202020206,51,-173.22929171668667,1.0970598376676723,0.23254156000485798,0.8645182776628144
25.302020202020206,51,-173.08523409363747,1.0973405402349192,0.23395723360141973,0.8633833066334995
25.302020202020206,51,-172.94117647058823,1.09762034154334,0.2354045074103831,0.862215834132957
25.302020202020206,51,-172.79711884753902,1.0978988150004323,0.23688348546618443,0.8610153295342479
25.302020202020206,51,-172.6530612244898,1.0981755251857108,0.2383942730780803,0.8597812521076305
25.302020202020206,51,-172.50900360144058,1.09845002785759,0.23993697677413325,0.8585130510834567
25.302020202020206,51,-172.36494597839135,1.0987218699613115,0.24151170424380808,0.8572101657175034
25.302020202020206,51,-172.22088835534214,1.098990589637993,0.24311856427915698,0.855872025358836
25.302020202020206,51,-172.0768307322929,1.099255716234732,0.24475766671458454,0.8544980495201475
25.302020202020206,51,-171.9327731092437,1.0995167703160016,0.24642912236517772,0.8530876479508238
25.302020202020206,51,-171.7887154861945,1.0997732636761839,0.248133042963587,0.8516402207125968
25.302020202020206,51,-171.64465786314526,1.1000246993535132,0.24986954109544535,0.8501551582580679
25.302020202020206,51,-171.50060024009605,1.100270571645291,0.2516387301333045,0.8486318415119865
25.302020202020206,51,-171.3565426170468,1.1005103661245499,0.2534407241690897,0.8470696419554602
25.302020202020206,51,-171.2124849939976,1.1007435596581792,0.2552756379450409,0.8454679217131382
25.302020202020206,51,-171.06842737094837,1.1009696204266406,0.25714358678313987,0.8438260336435007
25.302020202020206,51,-170.92436974789916,1.1011880079451497,0.25904468651300244,0.8421433214321472
25.302020202020206,51,-170.78031212484993,1.1013981730866418,0.2609790533982253,0.8404191196884165
25.302020202020206,51,-170.63625450180072,1.1015995581064146,0.2629468040611719,0.8386527540452428
25.302020202020206,51,-170.4921968787515,1.1017915966684813,0.2649480554061841,0.8368435412622972
25.302020202020206,51,-170.34813925570228,1.1019737138739,0.2669829245412068,0.8349907893326933
25.302020202020206,51,-170.20408163265307,1.10214532629084,0.26905152869781146,0.8330937975930286
25.302020202020206,51,-170.06002400960384,1.1023058419867797,0.27115398514960387,0.8311518568371759
25.302020202020206,51,-169.91596638655463,1.1024546605626167,0.2732904111290081,0.8291642494336086
25.302020202020206,51,-169.7719087635054,1.1025911731889468,0.2754609237424058,0.827130249446541
25.302020202020206,51,-169.6278511404562,1.1027147626445004,0.2776656398836231,0.8250491227608774
25.302020202020206,51,-169.48379351740695,1.1028248033567658,0.27990467614575903,0.8229201272110067
25.302020202020206,51,-169.33973589435774,1.1029206614449758,0.2821781487313208,0.820742512713655
25.302020202020206,51,-169.1956782713085,1.103001694765442,0.28448617336068643,0.8185155214047555
25.302020202020206,51,-169.0516206482593,1.1030672529592989,0.28682886517885114,0.8162383877804478
25.302020202020206,51,-168.9075630252101,1.1031166775028358,0.2892063386604714,0.8139103388423644
25.302020202020206,51,-168.76350540216086,1.1031493017602951,0.2916187075131762,0.8115305942471189
25.302020202020206,51,-168.61944777911165,1.1031644510394143,0.2940660845791446,0.8090983664602697
25.302020202020206,51,-168.47539015606242,1.1031614426496326,0.2965485817349461,0.8066128609146865
25.302020202020206,51,-168.3313325330132,1.1031395859631155,0.2990663097896076,0.8040732761735079
25.302020202020206,51,-168.18727490996397,1.103098182478606,0.30161937838093356,0.8014788040976724
25.302020202020206,51,-168.04321728691477,1.1030365258882482,0.3042078958700383,0.7988286300182099
25.302020202020206,51,-167.89915966386553,1.1029539021473933,0.3068319692340976,0.7961219329132957
25.302020202020206,51,-167.75510204081633,1.10284958954749,0.30949170395731135,0.7933578855901786
25.302020202020206,51,-167.61104441776712,1.1027228587921367,0.3121872039200612,0.7905356548720754
25.302020202020206,51,-167.46698679471788,1.1025729730763445,0.31491857128626294,0.7876544017900815
25.302020202020206,51,-167.32292917166868,1.1023991881690565,0.31768590638890465,0.7847132817801519
25.302020202020206,51,-167.17887154861944,1.102200752499116,0.3204893076137636,0.7817114448853524
25.302020202020206,51,-167.03481392557023,1.1019769072446273,0.32332887128129295,0.7786480359633343
25.302020202020206,51,-166.890756302521,1.101726886425833,0.3262046915266877,0.7755221948991453
25.302020202020206,51,-166.7466986794718,1.1014499170015757,0.32911686017809727,0.7723330568234784
25.302020202020206,51,-166.60264105642256,1.1011452189694433,0.33206546663301706,0.7690797523364262
25.302020202020206,51,-166.45858343337335,1.100812005469641,0.3350505977328185,0.7657614077368227
25.302020202020206,51,-166.31452581032414,1.100449482892645,0.33807233763545314,0.7623771452571919
25.302020202020206,51,-166.1704681872749,1.1000568509907658,0.34113076768629147,0.7589260833044743
25.302020202020206,51,-166.0264105642257,1.0996333029936516,0.3442259662871218,0.7554073367065297
25.302020202020206,51,-165.88235294117646,1.0991780257278678,0.34735800876330497,0.7518200169645628
25.302020202020206,51,-165.73829531812726,1.0986901997404404,0.35052696722907434,0.7481632325113661
25.302020202020206,51,-165.59423769507802,1.0981689994267332,0.35373291045099353,0.7444360889757397
25.302020202020206,51,-165.45018007202881,1.097613593162429,0.3569759037095674,0.7406376894528615
25.302020202020206,51,-165.30612244897958,1.097023143439899,0.36025600865901963,0.7367671347808793
25.302020202020206,51,-165.16206482593037,1.0963968070089303,0.36357328318522786,0.7328235238237024
25.302020202020206,51,-165.01800720288117,1.095733735021895,0.3669277812618299,0.7288059537600651
25.302020202020206,51,-164.87394957983193,1.0950330731834637,0.370319552804509,0.7247135203789546
25.302020202020206,51,-164.72989195678272,1.0942939619048933,0.3737486435234531,0.7205453183814401
25.302020202020206,51,-164.5858343337335,1.0935155364629312,0.37721509477402226,0.7163004416889089
25.302020202020206,51,-164.44177671068428,1.0926969271635008,0.38071894340559287,0.7119779837579079
25.302020202020206,51,-164.29771908763504,1.0918372595101904,0.38426022160863516,0.7075770379015552
25.302020202020206,51,-164.15366146458584,1.0909356543774598,0.38783895676000113,0.7030966976174586
25.302020202020206,51,-164.0096038415366,1.0899912281889486,0.3914551712664498,0.6985360569224988
25.302020202020206,51,-163.8655462184874,1.0890030931006018,0.39510888240642617,0.6938942106941757
25.302020202020206,51,-163.7214885954382,1.0879703571889503,0.3988001021700988,0.6891702550188514
25.302020202020206,51,-163.57743097238895,1.0868921246444454,0.40252883709768095,0.6843632875467645
25.302020202020206,51,-163.43337334933975,1.0857674959699475,0.40629508811605713,0.6794724078538903
25.302020202020206,51,-163.2893157262905,1.084595568184444,0.4100988503737178,0.6744967178107262
25.302020202020206,51,-163.1452581032413,1.083375435032037,0.4139401130740334,0.6694353219580036
25.302020202020206,51,-163.00120048019207,1.082106187196299,0.41781885930690543,0.6642873278893935
25.302020202020206,51,-162.85714285714286,1.0807869125199532,0.42173506587877224,0.659051846641181
25.302020202020206,51,-162.71308523409363,1.0794166962300311,0.4256887031410525,0.6537279930889786
25.302020202020206,51,-162.56902761104442,1.0779946211684897,0.4296797348170001,0.6483148863514896
25.302020202020206,51,-162.4249699879952,1.076519768028385,0.43370811782704305,0.6428116502013419
25.302020202020206,51,-162.28091236494598,1.074991215595627,0.4377738021125929,0.637217413483034
25.302020202020206,51,-162.13685474189677,1.0734080409963422,0.4418767304583854,0.6315313105379569
25.302020202020206,51,-161.99279711884753,1.0717693199498868,0.4460168383133891,0.6257524816364977
25.302020202020206,51,-161.84873949579833,1.0700741270276537,0.4501940536102727,0.619880073417381
25.302020202020206,51,-161.7046818727491,1.0683215359175333,0.454408296583529,0.6139132393340043
25.302020202020206,51,-161.56062424969988,1.0665106196942102,0.45865947958624054,0.6078511401079697
25.302020202020206,51,-161.41656662665065,1.0646404510952494,0.46294750690554876,0.6016929441897007
25.302020202020206,51,-161.27250900360144,1.0627101028030597,0.46727227457687553,0.5954378282261841
25.302020202020206,51,-161.12845138055224,1.0607186477327397,0.4716336701969156,0.5890849775358241
25.302020202020206,51,-160.984393757503,1.0586651593257772,0.4760315727354659,0.5826335865903113
25.302020202020206,51,-160.8403361344538,1.056548711849745,0.4804658523461299,0.5760828595036152
25.302020202020206,51,-160.69627851140456,1.0543683807038875,0.4849363701759419,0.5694320105279456
25.302020202020206,51,-160.55222088835535,1.0521232427307319,0.48944297817396193,0.5626802645567699
25.302020202020206,51,-160.40816326530611,1.0498123765336274,0.49398551889891346,0.5558268576347138
25.302020202020206,51,-160.2641056422569,1.0474348628003358,0.4985638253258688,0.548871037474467
25.302020202020206,51,-160.12004801920767,1.0449897846325986,0.5031777206521034,0.5418120639804952
25.302020202020206,51,-159.97599039615847,1.0424762278816984,0.5078270181021144,0.534649209779584
25.302020202020206,51,-159.83193277310926,1.0398932814900514,0.5125115207319187,0.5273817607581327
25.302020202020206,51,-159.68787515006002,1.0372400378388846,0.5172310212326398,0.5200090166062449
25.302020202020206,51,-159.54381752701082,1.0345155931017531,0.521985301733487,0.5125302913682661
25.302020202020206,51,-159.39975990396158,1.031719047604235,0.5267741336041846,0.5049449140000505
25.302020202020206,51,-159.25570228091237,1.0288495061895229,0.5315972772568999,0.497252228932623
25.302020202020206,51,-159.11164465786314,1.0259060785899965,0.536454481947767,0.4894515966422295
25.302020202020206,51,-158.96758703481393,1.0228878798048375,0.5413454855780533,0.48154239422678424
25.302020202020206,51,-158.8235294117647,1.0197940304834643,0.5462700144950755,0.4735240159883888
25.302020202020206,51,-158.6794717887155,1.0166236573149328,0.5512277832929039,0.46539587402202887
25.302020202020206,51,-158.53541416566628,1.013375893423207,0.5562184946129648,0.4571573988102423
25.302020202020206,51,-158.39135654261705,1.0100498787683077,0.5612418389446093,0.4488080398236983
25.302020202020206,51,-158.24729891956784,1.0066447605532,0.5662974944257236,0.44034726612747643
25.302020202020206,51,-158.1032412965186,1.0031596936365326,0.5713851266435047,0.43177456699302785
25.302020202020206,51,-157.9591836734694,0.9995938409509617,0.5765043884354186,0.4230894525155431
25.302020202020206,51,-157.81512605042016,0.9959463739272838,0.581654919690519,0.41429145423676483
25.302020202020206,51,-157.67106842737095,0.992216472924079,0.586836347151146,0.40538012577293303
25.302020202020206,51,-157.52701080432172,0.9884033276629228,0.5920482842151394,0.3963550434477834
25.302020202020206,51,-157.3829531812725,0.9845061376690717,0.5972903307386583,0.38721580693041335
25.302020202020206,51,-157.2388955582233,0.9805241127175609,0.6025620728396898,0.37796203987787114
25.302020202020206,51,-157.09483793517407,0.9764564732846676,0.6078630827023727,0.3685933905822949
25.302020202020206,51,-156.95078031212486,0.9723024510045214,0.6131929183822286,0.35910953262229284
25.302020202020206,51,-156.80672268907563,0.9680612891309979,0.6185511236124037,0.34951016551859415
25.302020202020206,51,-156.66266506602642,0.963732243004628,0.6239372276110322,0.3397950153935958
25.302020202020206,51,-156.51860744297718,0.9593145805244494,0.6293507448898576,0.32996383563459175
25.302020202020206,51,-156.37454981992798,0.9548075826248054,0.6347911750641677,0.32001640756063765
25.302020202020206,51,-156.23049219687874,0.9502105437568703,0.6402580026642356,0.3099525410926347
25.302020202020206,51,-156.08643457382954,0.9455227723747982,0.6457506969483146,0.29977207542648365
25.302020202020206,51,-155.94237695078033,0.9407435914264874,0.6512687117173689,0.28947487970911856
25.302020202020206,51,-155.7983193277311,0.9358723388486787,0.656811485131607,0.2790608537170717
25.302020202020206,51,-155.6542617046819,0.9309083680663746,0.6623784395289861,0.26852992853738844
25.302020202020206,51,-155.51020408163265,0.9258510484963688,0.6679689812458125,0.2578820672505563
25.302020202020206,51,-155.36614645858344,0.9206997660548419,0.6735825004395242,0.24711726561531777
25.302020202020206,51,-155.2220888355342,0.915453923668762,0.6792183709138606,0.23623555275490138
25.302020202020206,51,-155.078031212485,0.9101129417909808,0.6848759499464866,0.2252369918444942
25.302020202020206,51,-154.93397358943577,0.9046762589189479,0.6905545781192516,0.2141216807996963
25.302020202020206,51,-154.78991596638656,0.8991433321167318,0.6962535791512047,0.20288975296552714
25.302020202020206,51,-150.32412965186074,0.6779584477895474,0.8785084446168971,0.20054999682734975
25.302020202020206,51,-150.18007202881154,0.6691982929561977,0.8843940431637346,0.2151957502075369
25.302020202020206,51,-150.0360144057623,0.6603379196939642,0.8902673737156506,0.2299294540216864
25.302020202020206,51,-149.8919567827131,0.6513777370075576,0.8961271172802929,0.2447493802727353
25.302020202020206,51,-149.74789915966386,0.642318191119334,0.9019719351313024,0.2596537440119684
25.302020202020206,51,-149.60384153661465,0.6331597659496488,0.9078004688498519,0.27464070290020304
25.302020202020206,51,-149.45978391356542,0.6239029835900268,0.9136113403753483,0.2897083567853215
25.302020202020206,51,-149.3157262905162,0.61454840476881,0.9194031520654264,0.30485474729661644
25.302020202020206,51,-149.17166866746697,0.6050966293088376,0.9251744867654833,0.32007785745664574
25.302020202020206,51,-149.02761104441777,0.5955482965767451,0.9309239078878898,0.3353756113111447
25.302020202020206,51,-148.88355342136856,0.5859040859234871,0.9366499595011005,0.35074587357761344
25.302020202020206,51,-148.73949579831933,0.5761647171156961,0.9423511664288173,0.3661864493131213
25.302020202020206,51,-148.59543817527012,0.5663309507574268,0.9480260343594147,0.3816950836019879
25.302020202020206,51,-148.45138055222088,0.5564035887018114,0.9536730499658003,0.3972694612639889
25.302020202020206,51,-148.30732292917168,0.5463834744523266,0.959290681035881,0.4129072065835544
25.302020202020206,51,-148.16326530612244,0.536271493553116,0.9648773766138388,0.4286058830607228
25.302020202020206,51,-148.01920768307323,0.5260685739680175,0.9704315671523651,0.4443629931843476
25.302020202020206,51,-147.875150060024,0.5157756864478181,0.9759516646760668,0.4601759782282486
25.302020202020206,51,-147.7310924369748,0.5053938448852306,0.9814360629561685,0.47604221807093783
25.302020202020206,51,-147.58703481392558,0.4949241066573598,0.9868831376967395,0.4919590310393797
25.302020202020206,51,-147.44297719087635,0.48436757295495925,0.9922912467325752,0.5079236737776159
25.302020202020206,51,-147.29891956782714,0.473725389098214,0.9976587302389115,0.5239333411406975
25.302020202020206,51,-147.1548619447779,0.4629987448384707,1.002983910953151,0.5399851661146804
25.302020202020206,51,-147.0108043217287,0.45218887464554547,1.008265094408739,0.5560762197631935
25.302020202020206,51,-146.86674669867946,0.4412970579801662,1.0135005691813783,0.572203511201212
25.302020202020206,51,-146.72268907563026,0.43032461955100326,1.018688607147706,0.5883639875967026
25.302020202020206,51,-146.57863145258102,0.41927292955595347,1.023827463756619,0.6045545342006655
25.302020202020206,51,-146.43457382953181,0.408143403907125,1.0289153783133675,0.6207719744062425
25.302020202020206,51,-146.2905162064826,0.39693750443908177,1.0339505742765929,0.6370130698375112
25.302020202020206,51,-146.14645858343337,0.385656739099937,1.0389312595684206,0.6532745204684836
25.302020202020206,51,-146.00240096038416,0.37430266212482616,1.0438556268977728,0.6695529647729466
25.302020202020206,51,-145.85834333733493,0.36287687419125814,1.0487218540970105,0.6858449799057523
25.302020202020206,51,-145.71428571428572,0.3513810225559551,1.0535281044721012,0.7021470819161462
25.302020202020206,51,-145.5702280912365,0.33981680117264584,1.058272527166281,0.718455725993635
25.302020202020206,51,-145.42617046818728,0.3281859507904628,1.0629532575375364,0.7347673067470737
25.302020202020206,51,-145.28211284513804,0.3164902590324316,1.0675684175498745,0.7510781585174429
25.302020202020206,51,-145.13805522208884,0.30473156045355976,1.0721161161785449,0.7673845557249851
25.302020202020206,51,-144.99399759903963,0.2929117365782084,1.0765944498293059,0.7836827132510975
25.302020202020206,51,-144.8499399759904,0.2810327159161649,1.081001502771851,0.799968786855686
25.302020202020206,51,-144.7058823529412,0.2690964739570758,1.0853353475874614,0.8162388736303856
25.302020202020206,51,-144.56182472989195,0.2571050331427987,1.0895940456310105,0.8324890124882118
25.302020202020206,51,-144.41776710684275,0.24506046281714008,1.0937756475073537,0.8487151846902136
25.302020202020206,51,-144.2737094837935,0.23296487915271774,1.0978781935622288,0.8649133144095111
25.302020202020206,51,-144.1296518607443,0.22082044505435908,1.101899714387697,0.8810792693333379
25.302020202020206,51,-143.98559423769507,0.20862937003876716,1.1058382313422048,0.8972088613034377
25.302020202020206,51,-143.84153661464586,0.19639391008993312,1.1096917570853178,0.9132978469953846
25.302020202020206,51,-143.69747899159665,0.18411636748989743,1.1134582961271753,0.9293419286372778
25.302020202020206,51,-143.55342136854742,0.17179909062461907,1.1171358453927032,0.9453367547680841
25.302020202020206,51,-143.4093637454982,0.15944447376433263,1.1207223948006173,0.9612779210362847
25.302020202020206,51,-143.26530612244898,0.14705495681815714,1.1242159278572477,0.9771609710390905
25.302020202020206,51,-143.12124849939977,0.13463302506254438,1.1276144222651936,0.9929813972026492
25.302020202020206,51,-142.97719087635053,0.12218120884321941,1.1309158505468253,1.0087346417036058
25.302020202020206,51,-142.83313325330133,0.10970208325021749,1.1341181806826224,1.0244160974324048
25.302020202020206,51,-142.6890756302521,0.0971982677656804,1.1372193767643548,1.0400211089986744
25.302020202020206,51,-142.54501800720288,0.08467242588412575,1.1402173996630718,1.055544973778946
25.302020202020206,51,-142.40096038415368,0.07212726470475031,1.1431102077118966,1.0709829430071462
25.302020202020206,51,-142.25690276110444,0.05956553449560618,1.1458957574035604,1.0863302229079543
25.302020202020206,51,-142.11284513805523,0.046990028229163185,1.1485720041026581,1.101581975873495
25.302020202020206,51,-141.968787515006,0.03440358108911263,1.1511369027725649,1.1167333216834523
25.302020202020206,51,-141.8247298919568,0.021809069948071913,1.153588408716931,1.131779338768859
25.302020202020206,51,-141.68067226890756,0.00920941281587366,1.1559244783357137,1.14671506551984
25.302020202020206,51,-141.53661464585835,-0.0033924317417342747,1.1581430698956292,1.1615355016373634
25.302020202020206,51,-141.39255702280911,-0.015993465214260063,1.1602421443149598,1.17623560952922
25.302020202020206,51,-141.2484993997599,-0.028590649787809876,1.1622196659625812,1.190810315750391
25.302020202020206,51,-141.1044417767107,-0.041180909016643195,1.1640736034711212,1.2052545124877645
25.302020202020206,51,-140.96038415366147,-0.053761128525342615,1.1658019305641112,1.2195630590894537
25.302020202020206,51,-140.81632653061223,-0.06632815674163701,1.167402626896989,1.233730783638626
25.302020202020206,51,-140.67226890756302,-0.07887880566012431,1.1688736789118128,1.2477524845719372
25.302020202020206,51,-140.52821128451382,-0.09140985163703905,1.1702130807055222,1.2616229323425612
25.302020202020206,51,-140.38415366146458,-0.10391803621612397,1.171418834911575,1.2753368711276991
25.302020202020206,51,-140.24009603841537,-0.11640006698587409,1.172488953594781,1.288889020580655
25.302020202020206,51,-140.09603841536614,-0.12885261846812787,1.173421459159127,1.3022740776272548
25.302020202020206,51,-139.95198079231693,-0.14127233303815215,1.1742143852684013,1.3154867183065535
25.302020202020206,51,-139.80792316926772,-0.1536558218762499,1.1748657777793838,1.3285215996556337
25.302020202020206,51,-139.6638655462185,-0.16599966595096483,1.1753736956873864,1.3413733616383512
25.302020202020206,51,-139.51980792316925,-0.17830041703393715,1.1757362120838823,1.3540366291178194
25.302020202020206,51,-139.37575030012005,-0.19055459874633116,1.1759514151259853,1.3665060138723164
25.302020202020206,51,-139.23169267707084,-0.20275870763693504,1.1760174090175026,1.3787761166544377
25.302020202020206,51,-139.0876350540216,-0.21490921429175233,1.1759323150012782,1.3908415292930305
25.302020202020206,51,-138.9435774309724,-0.22700256447523653,1.1756942723625352,1.4026968368377717
25.302020202020206,51,-138.79951980792316,-0.2390351803028799,1.1753014394429218,1.4143366197458016
25.302020202020206,51,-138.65546218487395,-0.2510034614452311,1.174751994664919,1.4257554561101502
25.302020202020206,51,-138.51140456182475,-0.26290378636310013,1.1740441375662962,1.4369479239293963
25.302020202020206,51,-138.3673469387755,-0.27473251357386347,1.1731760898442674,1.4479086034181308
25.302020202020206,51,-138.22328931572628,-0.28648598294872724,1.1721460964089732,1.4586320793577003
25.302020202020206,51,-138.07923169267707,-0.29816051704067265,1.170952426445944,1.4691129434866168
25.302020202020206,51,-137.93517406962786,-0.30975242244298856,1.1695933744871376,1.4793457969301262
25.302020202020206,51,-137.79111644657863,-0.32125799117807924,1.1680672614901568,1.4893252526682361
25.302020202020206,51,-137.64705882352942,-0.33267350211627833,1.166372435925253,1.4990459380415313
25.302020202020206,51,-137.50300120048018,-0.34399522242443287,1.164507274869657,1.50850249729409
25.302020202020206,51,-137.35894357743098,-0.3552194090439151,1.1624701851088461,1.5176895941527613
25.302020202020206,51,-137.21488595438177,-0.366342310197752,1.1602596042442488,1.5266019144420007
25.302020202020206,51,-137.07082833133254,-0.3773601669264371,1.1578740018069493,1.5352341687333864
25.302020202020206,51,-136.9267707082833,-0.388269214652185,1.1553118803769282,1.5435810950291131
25.302020202020206,51,-136.7827130852341,-0.3990656847710356,1.152571776707304,1.5516374614783397
25.302020202020206,51,-136.6386554621849,-0.40974580627250273,1.1496522628531132,1.559398069125616
25.302020202020206,51,-136.49459783913565,-0.4203058073862578,1.1465519473040924,1.5668577546903502
25.302020202020206,51,-136.35054021608644,-0.4307419172553385,1.143269476120948,1.5740113933762867
25.302020202020206,51,-136.2064825930372,-0.4410503676353848,1.1398035340745425,1.5808539017099272
25.302020202020206,51,-136.062424969988,-0.451227394619373,1.1361528457874728,1.5873802404068458
25.302020202020206,51,-135.9183673469388,-0.4612692403872191,1.1323161768774592,1.5935854172646784
25.302020202020206,51,-135.77430972388956,-0.4711721549796897,1.128292335101958,1.5994644900816477
25.302020202020206,51,-135.63025210084032,-0.48093239809599336,1.1240801715034139,1.6050125695994073
25.302020202020206,51,-135.48619447779112,-0.4905462409144017,1.1196785815545498,1.6102248224689515
25.302020202020206,51,-135.3421368547419,-0.5000099679351572,1.1150865063030577,1.6150964742382148
25.302020202020206,51,-135.19807923169267,-0.5093198788450829,1.1103029335150871,1.61962281236017
25.302020202020206,51,-135.05402160864347,-0.518472290403002,1.1053268988168694,1.6237991892198713
25.302020202020206,51,-134.90996398559423,-0.5274635383453018,1.1001574868338275,1.6276210251791294
25.302020202020206,51,-134.76590636254502,-0.5362899793108453,1.0947938323265232,1.6310838116373685
25.302020202020206,51,-134.62184873949582,-0.5449479927843541,1.0892351213227374,1.6341831141070915
25.302020202020206,51,-134.47779111644658,-0.5534339830574552,1.0834805922450264,1.6369145753024816
25.302020202020206,51,-134.33373349339735,-0.5617443812065123,1.0775295370330344,1.6392739182395468
25.302020202020206,51,-134.18967587034814,-0.5698756470863487,1.0713813022598724,1.641256949346221
25.302020202020206,51,-134.04561824729893,-0.5778242713388794,1.0650352902418192,1.6428595615806985
25.302020202020206,51,-133.9015606242497,-0.5855867774157721,1.0584909601406496,1.6440777375564217
25.302020202020206,51,-133.7575030012005,-0.5931597236140445,1.0517478290578313,1.6449075526718757
25.302020202020206,51,-133.61344537815125,-0.6005397051237591,1.044805473119847,1.6453451782436062
25.302020202020206,51,-133.46938775510205,-0.6077233560865817,1.0376635285538673,1.6453868846404491
25.302020202020206,51,-133.32533013205284,-0.6147073516642771,1.0303216927530723,1.6450290444173494
25.302020202020206,51,-133.1812725090036,-0.6214884101160143,1.02277972533077,1.6442681354467843
25.302020202020206,51,-133.03721488595437,-0.6280632948833285,1.015037449162577,1.6431007440459056
25.302020202020206,51,-132.89315726290516,-0.6344288166817174,1.007094751415863,1.6415235680975804
25.302020202020206,51,-132.74909963985596,-0.6405818355975127,0.9989515845656561,1.6395334201631688
25.302020202020206,51,-132.60504201680672,-0.6465192631890555,0.9906079673962291,1.6371272305852846
25.302020202020206,51,-132.4609843937575,-0.6522380645908079,0.982063985987533,1.634302050578341
25.302020202020206,51,-132.31692677070828,-0.657735260619231,0.9733197946856682,1.6310550553048992
25.302020202020206,51,-132.17286914765907,-0.6630079298791897,0.9643756170565887,1.6273835469357785
25.302020202020206,51,-132.02881152460986,-0.668053210869538,0.955231746822198,1.623284957691736
25.302020202020206,51,-131.88475390156063,-0.6728683040866483,0.9458885487780151,1.6187568528646634
25.302020202020206,51,-131.7406962785114,-0.6774504741244944,0.9363464596915793,1.6137969338160736
25.302020202020206,51,-131.5966386554622,-0.6817970517700928,0.9266059891807433,1.608403040950836
25.302020202020206,51,-131.45258103241298,-0.6859054360926728,0.9166677205710383,1.6025731566637111
25.302020202020206,51,-131.30852340936374,-0.6897730965255106,0.9065323117312419,1.5963054082567525
25.302020202020206,51,-131.16446578631454,-0.6933975749387812,0.8962004958863395,1.5895980708251207
25.302020202020206,51,-131.0204081632653,-0.6967764877021135,0.8856730824069731,1.5824495701090866
25.302020202020206,51,-130.8763505402161,-0.6999075277353929,0.8749509575746237,1.5748584853100165
25.302020202020206,51,-130.73229291716686,-0.7027884665464206,0.8640350853215796,1.566823551868
25.302020202020206,51,-130.58823529411765,-0.7054171562538251,0.8529265079449193,1.5583436641987443
25.302020202020206,51,-130.44417767106842,-0.7077915315938693,0.8416263467936264,1.5494178783874957
25.302020202020206,51,-130.3001200480192,-0.7099096119096088,0.8301358029280171,1.540045414837626
25.302020202020206,51,-130.15606242497,-0.71176950312089,0.8184561577506011,1.530225660871491
25.302020202020206,51,-130.01200480192077,-0.7133693996736736,0.8065887736075716,1.5199581732812453
25.302020202020206,51,-129.86794717887156,-0.7147075864671955,0.7945350943601069,1.5092426808273025
25.302020202020206,51,-129.72388955582232,-0.7157824407572924,0.7822966459245712,1.4980790866818636
25.302020202020206,51,-129.57983193277312,-0.7165924340345311,0.7698750367808905,1.4864674708154215
25.302020202020206,51,-129.43577430972388,-0.7171361338754239,0.7572719584481981,1.474408092323622
25.302020202020206,51,-129.29171668667468,-0.7174122057652084,0.7444891859270057,1.4619013916922141
25.302020202020206,51,-129.14765906362544,-0.7174194148906909,0.7315285781070224,1.4489479929977134
25.302020202020206,51,-129.00360144057623,-0.7171566279015117,0.7183920781398934,1.4355487060414052
25.302020202020206,51,-128.85954381752703,-0.7166228146382448,0.7050817137759875,1.4217045284142324
25.302020202020206,51,-128.7154861944778,-0.7158170498257468,0.6915995976645355,1.4074166474902823
25.302020202020206,51,-128.57142857142858,-0.7147385147302558,0.6779479276162852,1.392686442346541
25.302020202020206,51,-128.42737094837935,-0.7133864987785464,0.6641289868279073,1.3775154856064538
25.302020202020206,51,-128.28331332533014,-0.7117604011376317,0.6501451440674689,1.3619055452051008
25.302020202020206,51,-128.1392557022809,-0.7098597322534236,0.6359988538201367,1.3458585860735601
25.302020202020206,51,-127.9951980792317,-0.7076841153467226,0.6216926563934797,1.3293767717402023
25.302020202020206,51,-127.85114045618248,-0.7052332878650299,0.6072291779815547,1.3124624658465847
25.302020202020206,51,-127.70708283313326,-0.7025071028885955,0.5926111306872022,1.2951182335757978
25.302020202020206,51,-127.56302521008404,-0.6995055304891499,0.5778413125017252,1.277346842990875
25.302020202020206,51,-127.41896758703481,-0.6962286590397375,0.5629226072414001,1.2591512662811377
25.302020202020206,51,-127.2749099639856,-0.6926766964741556,0.5478579844400947,1.2405346809142503
25.302020202020206,51,-127.13085234093637,-0.688849971494477,0.5326504991973905,1.2215004706918675
25.302020202020206,51,-126.98679471788716,-0.6847489347250725,0.5173032919815898,1.2020522267066622
25.302020202020206,51,-126.84273709483793,-0.6803741598117471,0.501819588386959,1.182193748198706
25.302020202020206,51,-126.69867947178872,-0.6757263444644015,0.48620269884473866,1.16192904330914
25.302020202020206,51,-126.5546218487395,-0.6708063114418099,0.4704560182872178,1.1412623297290276
25.302020202020206,51,-126.41056422569028,-0.6656150094770725,0.45458302576445214,1.1201980352415246
25.302020202020206,51,-126.26650660264106,-0.6601535141422796,0.43858728401304153,1.0987407981553212
25.302020202020206,51,-126.12244897959184,-0.6544230286509783,0.4224724389765074,1.0768954676274858
25.302020202020206,51,-125.97839135654263,-0.6484248845971268,0.40624221927675624,1.054667103873883
25.302020202020206,51,-125.8343337334934,-0.6421605426291114,0.38990043563623283,1.0320609782653443
25.302020202020206,51,-125.69027611044419,-0.6356315930574933,0.37345098025029944,1.0090825733077926
25.302020202020206,51,-125.54621848739495,-0.6288397563952197,0.3568978261094576,0.9857375825046772
25.302020202020206,51,-125.40216086434575,-0.6217868838290401,0.3402450262710511,0.9620319101000911
25.302020202020206,51,-125.25810324129652,-0.6144749576207652,0.32349671308006517,0.9379716707008303
25.302020202020206,51,-125.1140456182473,-0.6069060914373304,0.3066570973387568,0.9135631887760872
25.302020202020206,51,-124.96998799519808,-0.5990825306083075,0.28973046742478775,0.8888129980330952
25.302020202020206,51,-124.82593037214886,-0.5910066523098595,0.27272118835760706,0.8637278406674666
25.302020202020206,51,-124.68187274909964,-0.5826809656739447,0.25563370081287307,0.8383146664868177
25.302020202020206,51,-124.53781512605042,-0.5741081118216868,0.23847252008466047,0.8125806319063472
25.302020202020206,51,-124.39375750300121,-0.5652908638199999,0.22124223499534842,0.7865330988153484
25.302020202020206,51,-124.24969987995198,-0.5562321265602658,0.20394750675299964,0.7601796333132654
25.302020202020206,51,-124.10564225690277,-0.5469349365583578,0.18659306775614343,0.7335280043145012
25.302020202020206,51,-123.96158463385355,-0.5374024616749091,0.16918372034588375,0.7065861820207928
25.302020202020206,51,-123.81752701080433,-0.5276380007550068,0.15172433550528674,0.6793623362602935
25.302020202020206,51,-123.6734693877551,-0.5176449831866052,0.13421985150605967,0.6518648346926649
25.302020202020206,51,-123.52941176470588,-0.5074269683767035,0.11667527250249858,0.6241022408792021
25.302020202020206,51,-123.38535414165666,-0.49698764514472477,0.09909566707282955,0.5960833122175543
25.302020202020206,51,-123.24129651860744,-0.4863308310323619,0.08148616670798932,0.5678169977403512
25.302020202020206,51,-123.09723889555823,-0.47546047152920284,0.06385196424801896,0.5393124357772218
25.302020202020206,51,-122.953181272509,-0.4643806392137435,0.04619831226616442,0.510578951479908
25.302020202020206,51,-122.80912364945979,-0.4530955328090613,0.02853052140102231,0.4816260542100836
25.302020202020206,51,-122.66506602641057,-0.4416094761528379,0.010853958636811866,0.4524634347896498
25.302020202020206,51,-122.52100840336135,-0.42992691708127856,-0.006825954467816174,0.42310096261346236
25.302020202020206,51,-122.37695078031213,-0.41805242622659505,-0.02450374360218138,0.39354868262441367
25.302020202020206,51,-122.23289315726291,-0.4059906957276975,-0.04217388357681717,0.36381681215088035
25.302020202020206,51,-122.08883553421369,-0.39374653785400837,-0.059830800247140915,0.33391573760686744
25.302020202020206,51,-121.94477791116446,-0.38132488354204924,-0.07746887248716293,0.3038560110548863
25.302020202020206,51,-121.80072028811526,-0.36873078084483907,-0.09508243421270038,0.27364834663213866
25.302020202020206,51,-121.65666266506602,-0.35596939329402744,-0.11266577645363168,0.24330361684039575
25.302020202020206,51,-121.51260504201682,-0.34304599817467335,-0.13021314947459792,0.21283284870007543
25.302020202020206,51,-119.49579831932773,-0.14831655039393016,-0.36880216495341034,0.22048561455948018
25.302020202020206,51,-119.35174069627851,-0.13366738288042782,-0.38509933795791373,0.25143195507748595
25.302020202020206,51,-119.2076830732293,-0.11895437270361602,-0.4012649095181691,0.2823105368145531
25.302020202020206,51,-119.06362545018007,-0.10418438388158523,-0.41729280482681164,0.3131084209452264
25.302020202020206,51,-118.91956782713086,-0.08936434863035662,-0.43317695390060135,0.3438126052702447
25.302020202020206,51,-118.77551020408163,-0.07450126407367101,-0.4489112944633819,0.3744100303897109
25.302020202020206,51,-118.63145258103242,-0.05960218888020897,-0.4644897748579709,0.4048875859777619
25.302020202020206,51,-118.4873949579832,-0.04467423982972583,-0.479906356985645,0.43523211715591914
25.302020202020206,51,-118.34333733493398,-0.029724588309635345,-0.495155019271776,0.46543043096214065
25.302020202020206,51,-118.19927971188476,-0.014760456743648488,-0.5102297596561512,0.49546930291250274
25.302020202020206,51,-118.05522208883554,0.00021088504577072208,-0.5251245986065136,0.5253354836522843
25.302020202020206,51,-117.91116446578633,0.015182123539467986,-0.5398335821537472,0.5550157056932152
25.302020202020206,51,-117.76710684273709,0.030145905286332316,-0.5543507849471782,0.5844966902335105
25.302020202020206,51,-117.62304921968789,0.04509484072870895,-0.5686703133283626,0.6137651540570715
25.302020202020206,51,-117.47899159663865,0.0600215080866316,-0.5827863084217849,0.6428078165084166
25.302020202020206,51,-117.33493397358944,0.07491845729882149,-0.5966929492407058,0.6716114065395273
25.302020202020206,51,-117.19087635054022,0.08977821401831342,-0.6103844558065815,0.700162669824895
25.302020202020206,51,-117.046818727491,0.1045932836605766,-0.6238550922802327,0.7284483759408094
25.302020202020206,51,-116.90276110444178,0.11935615550188693,-0.637099170103061,0.756455325604948
25.302020202020206,51,-116.75870348139256,0.1340593068256815,-0.6501110511465124,0.7841703579721939
25.302020202020206,51,-116.61464585834335,0.14869520711450288,-0.6628851508679612,0.8115803579824641
25.302020202020206,51,-116.47058823529412,0.16325632228515422,-0.6754159414712366,0.8386722637563908
25.302020202020206,51,-116.32653061224491,0.17773511896456098,-0.6876979550698138,0.8654330740343747
25.302020202020206,51,-116.18247298919567,0.19212406880382213,-0.6997257868509181,0.8918498556547403
25.302020202020206,51,-116.03841536614647,0.20641565282786364,-0.7114940982385097,0.9179097510663734
25.302020202020206,51,-115.89435774309725,0.22060236581802825,-0.7229976200533086,0.9435999858713369
25.302020202020206,51,-115.75030012004802,0.23467672072492074,-0.7342311556678107,0.9689078763927315
25.302020202020206,51,-115.6062424969988,0.2486312531087048,-0.7451895841544157,0.9938208372631205
25.302020202020206,51,-115.46218487394958,0.2624585256041784,-0.7558678634245934,1.018326389028772
25.302020202020206,51,-115.31812725090036,0.27615113240755196,-0.7662610333571135,1.0424121657646654
25.302020202020206,51,-115.17406962785114,0.2897017037822582,-0.7763642189133056,1.0660659226955638
25.302020202020206,51,-115.03001200480192,0.3031029105806906,-0.7861726332372883,1.0892755438179789
25.302020202020206,51,-114.88595438175271,0.31634746877897685,-0.795681580739138,1.1120290495181149
25.302020202020206,51,-114.74189675870349,0.3294281440216422,-0.8048864601588954,1.1343146041805376
25.302020202020206,51,-114.59783913565427,0.34233775617322726,-0.8137827676093494,1.1561205237825767
25.302020202020206,51,-114.45378151260505,0.3550691838736492,-0.8223660995954987,1.177435283469148
25.302020202020206,51,-114.30972388955583,0.3676153690941778,-0.8306321560085915,1.1982475251027693
25.302020202020206,51,-114.1656662665066,0.3799693216908886,-0.8385767430926483,1.2185460647835369
25.302020202020206,51,-114.02160864345738,0.3921241239523255,-0.8461957763813375,1.238319900333663
25.302020202020206,51,-113.87755102040816,0.40407293513819703,-0.8534852836031094,1.2575582187413064
25.302020202020206,51,-113.73349339735894,0.415808996005792,-0.8604414075524547,1.2762504035582467
25.302020202020206,51,-113.58943577430973,0.4273256333208206,-0.8670604089251898,1.2943860422460103
25.302020202020206,51,-113.44537815126051,0.43861626434945433,-0.873338669115638,1.3119549334650924
25.302020202020206,51,-113.30132052821129,0.4496744013280825,-0.8792726929735893,1.328947094301672
25.302020202020206,51,-113.15726290516207,0.4604936559076124,-0.8848591115189586,1.3453527674265708
25.302020202020206,51,-113.01320528211285,0.4710677435688354,-0.8900946846120045,1.3611624281808399
25.302020202020206,51,-112.86914765906363,0.4813904880055019,-0.8949763035770372,1.376366791582539
25.302020202020206,51,-112.72509003601441,0.4914558254718119,-0.89950099377752,1.390956819249332
25.302020202020206,51,-112.58103241296519,0.5012578090908034,-0.903665917140498,1.4049237262313015
25.302020202020206,51,-112.43697478991596,0.5107906131204136,-0.9074683746282761,1.4182589877486897
25.302020202020206,51,-112.29291716686674,0.520048537173627,-0.9109058086553242,1.430954345828951
25.302020202020206,51,-112.14885954381754,0.5290260103895199,-0.9139758054483498,1.4430018158378697
25.302020202020206,51,-112.00480192076832,0.5377175955516833,-0.9166760973475461,1.4543936928992294
25.302020202020206,51,-111.8607442977191,0.5461179931507463,-0.9190045650470128,1.4651225581977592
25.302020202020206,51,-111.71668667466987,0.5542220453875825,-0.920959239772375,1.4751812851599575
25.302020202020206,51,-111.57262905162065,0.5620247401138879,-0.9225383053936537,1.4845630455075416
25.302020202020206,51,-111.42857142857143,0.5695212147067797,-0.9237401004714656,1.4932613151782452
25.302020202020206,51,-111.28451380552221,0.5767067598740995,-0.9245631202346439,1.5012698801087434
25.302020202020206,51,-111.14045618247299,0.5835768233872348,-0.9250060184874206,1.5085828418746554
25.302020202020206,51,-110.99639855942377,0.5901270137380279,-0.9250676094443208,1.5151946231823485
25.302020202020206,51,-110.85234093637456,0.5963531037167171,-0.9247468694909636,1.5210999732076806
25.302020202020206,51,-110.70828331332534,0.6022510339075896,-0.9240429388689917,1.5262939727765814
25.302020202020206,51,-110.56422569027612,0.6078169160992423,-0.9229551232833945,1.5307720393826367
25.302020202020206,51,-110.4201680672269,0.613047036606372,-0.9214828954305082,1.5345299320368802
25.302020202020206,51,-110.27611044417768,0.6179378594998783,-0.9196258964450361,1.5375637559449145
25.302020202020206,51,-110.13205282112845,0.6224860297423909,-0.9173839372644627,1.5398699670068536
25.302020202020206,51,-109.98799519807923,0.6266883762261253,-0.9147569999092708,1.5414453761353961
25.302020202020206,51,-109.84393757503001,0.630541914710207,-0.911745238677421,1.542287153387628
25.302020202020206,51,-109.69987995198079,0.6340438506545056,-0.908348981251604,1.5423928319061098
25.302020202020206,51,-109.55582232893158,0.6371915819471912,-0.9045687297178036,1.5417603116649947
25.302020202020206,51,-109.41176470588236,0.6399827015232107,-0.9004051614937756,1.5403878630169863
25.302020202020206,51,-109.26770708283314,0.6424149998710437,-0.8958591301660881,1.5382741300371316
25.302020202020206,51,-109.12364945978392,0.6444864674249855,-0.890931666234416,1.5354181336594015
25.302020202020206,51,-108.9795918367347,0.6461952968404611,-0.8856239777618463,1.5318192746023074
25.302020202020206,51,-108.83553421368548,0.6475398851498594,-0.8799374509299936,1.527477336079853
25.302020202020206,51,-108.69147659063626,0.6485188357963513,-0.873873650497783,1.5223924862941343
25.302020202020206,51,-108.54741896758703,0.6491309605434961,-0.8674343201628195,1.5165652807063155
25.302020202020206,51,-108.40336134453781,0.6493752812582375,-0.8606213828243247,1.5099966640825622
25.302020202020206,51,-108.25930372148859,0.6492510315650541,-0.8534369407466487,1.5026879723117028
25.302020202020206,51,-108.11524609843939,0.648757658369357,-0.8458832756224881,1.4946409339918452
25.302020202020206,51,-107.97118847539016,0.6478948232477936,-0.837962848534923,1.4858576717827165
25.302020202020206,51,-107.82713085234094,0.6466624037037878,-0.8296782998175378,1.4763407035213256
25.302020202020206,51,-107.68307322929172,0.6450604942862925,-0.8210324488118593,1.4660929430981517
25.302020202020206,51,-107.5390156062425,0.6430894075701199,-0.8120282935215057,1.4551177010916256
25.302020202020206,51,-107.39495798319328,0.6407496749960562,-0.8026690101624222,1.4434186851584783
25.302020202020206,51,-107.25090036014406,0.638042047569313,-0.7929579526087154,1.4310000001780283
25.302020202020206,51,-107.10684273709484,0.6349674964147449,-0.7828986517336142,1.417866148148359
25.302020202020206,51,-106.96278511404562,0.6315272131876055,-0.7724948146451948,1.4040220278328004
25.302020202020206,51,-106.81872749099641,0.6277226103383563,-0.7617503238165392,1.3894729341548955
25.302020202020206,51,-106.67466986794719,0.6235553212306408,-0.7506692361101037,1.3742245573407446
25.302020202020206,51,-106.53061224489797,0.6190272001111627,-0.739255781696134,1.3582829818072968
25.302020202020206,51,-106.38655462184875,0.6141403219306374,-0.7275143628650039,1.3416546847956412
25.302020202020206,51,-106.24249699879952,0.6088969820149739,-0.7154495527334928,1.3243465347484666
25.302020202020206,51,-106.0984393757503,0.6032996955859118,-0.7030660938450201,1.3063657894309317
25.302020202020206,51,-105.95438175270108,0.5973511971305975,-0.690368896663991,1.2877200937945885
25.302020202020206,51,-105.81032412965186,0.5910544396195211,-0.6773630379644316,1.2684174775839527
25.302020202020206,51,-105.66626650660264,0.5844125935725405,-0.6640537591132113,1.2484663526857518
25.302020202020206,51,-105.52220888355343,0.5774290459726249,-0.6504464642481802,1.2278755102208052
25.302020202020206,51,-105.37815126050421,0.5701073990272962,-0.6365467183516734,1.2066541173789695
25.302020202020206,51,-105.23409363745499,0.5624514687776498,-0.6223602452198712,1.184811713997521
25.302020202020206,51,-105.09003601440577,0.5544652835551593,-0.6078929253286087,1.162358208883768
25.302020202020206,51,-104.94597839135655,0.5461530822863507,-0.5931507935962675,1.1393038758826184
25.302020202020206,51,-104.80192076830733,0.5375193126458706,-0.5781400370445257,1.1156593496903962
25.302020202020206,51,-104.6578631452581,0.528568629058274,-0.5628669923577261,1.0914356214160001
25.302020202020206,51,-104.51380552220888,0.5193058905491732,-0.5473381433418013,1.0666440338909746
25.302020202020206,51,-104.36974789915966,0.5097361584465154,-0.5315601182836733,1.0412962767301888
25.302020202020206,51,-104.22569027611046,0.49986469393269223,-0.5155396872122088,1.015404381144901
25.302020202020206,51,-104.08163265306123,0.4896969554486017,-0.49928375906180833,0.98898071451041
25.302020202020206,51,-103.93757503001201,0.4792385959506357,-0.4827993787398592,0.9620379746904949
25.302020202020206,51,-103.79351740696279,0.4684954600218488,-0.4660937240992914,0.9345891841211402
25.302020202020206,51,-103.64945978391357,0.4574735808386217,-0.4491741028175852,0.906647683656207
25.302020202020206,51,-103.50540216086435,0.4461791769943067,-0.43204794918366723,0.8782271261779739
25.302020202020206,51,-103.36134453781513,0.4346186491813967,-0.4147228207941465,0.8493414699755433
25.302020202020206,51,-103.21728691476591,0.4227985767338915,-0.39720639516050354,0.820004971894395
25.302020202020206,51,-103.07322929171669,0.410725714031796,-0.37950646622881923,0.7902321802606151
25.302020202020206,51,-102.92917166866746,0.398406986769527,-0.36163094081379776,0.7600379275833248
25.302020202020206,51,-102.78511404561826,0.385849488090449,-0.3435878349488221,0.7294373230392711
25.302020202020206,51,-102.64105642256904,0.37306047458956576,-0.32538527015392177,0.6984457447434875
25.302020202020206,51,-102.49699879951982,0.3600473621867906,-0.30703146962355243,0.6670788318103431
25.302020202020206,51,-102.3529411764706,0.34681772187313326,-0.2885347543361873,0.6353524762093206
25.302020202020206,51,-102.20888355342137,0.3333792753323246,-0.2699035390877509,0.6032828144200755
25.302020202020206,51,-102.06482593037215,0.3197398904405922,-0.2511463284510399,0.5708862188916322
25.302020202020206,51,-101.92076830732293,0.3059075766472191,-0.23227171266330515,0.5381792893105243
25.302020202020206,51,-101.77671068427371,0.29189048023883163,-0.2132883634442158,0.5051788436830474
25.302020202020206,51,-101.63265306122449,0.2776968794903588,-0.19420502974656598,0.47190190923692477
25.302020202020206,51,-101.48859543817528,0.2633351797057138,-0.17503053344202887,0.43836571314774264
25.302020202020206,51,-101.34453781512606,0.24881390815144497,-0.1557737649444404,0.4045876730958854
25.302020202020206,51,-101.20048019207684,0.2341417088865061,-0.13644367877306135,0.37058538765956744
25.302020202020206,51,-101.05642256902762,0.21932733749162675,-0.11704928905837922,0.336376626550006
25.302020202020206,51,-100.9123649459784,0.2043796557017157,-0.0975996649930182,0.3019793206947339
25.302020202020206,51,-100.76830732292918,0.18930762594490835,-0.07810392623044075,0.2674115521753491
25.302020202020206,51,-100.62424969987995,0.17412030579180232,-0.05857123823409726,0.2326915440258996
25.302020202020206,51,-98.7515006002401,-0.029547746899237837,0.19449198311458182,0.22403973001381966
25.302020202020206,51,-98.60744297719089,-0.04535868164905217,0.21356534979457711,0.2589240314436293
25.302020202020206,51,-98.46338535414166,-0.061141629449475335,0.23253596759223433,0.29367759704170965
25.302020202020206,51,-98.31932773109244,-0.07688682312582559,0.25139459988124785,0.3282814230070734
25.302020202020206,51,-98.17527010804322,-0.09258450452290931,0.270132048048558,0.3627165525714673
25.302020202020206,51,-98.031212484994,-0.10822493095875922,0.2887391565296027,0.3969640874883619
25.302020202020206,51,-97.88715486194478,-0.1237983816853122,0.30720681783494336,0.43100519952025557
25.302020202020206,51,-97.74309723889556,-0.13929516435116818,0.3255259775649437,0.4648211419161119
25.302020202020206,51,-97.59903961584634,-0.1547056214616054,0.3436876394092707,0.4983932608708761
25.302020202020206,51,-97.45498199279713,-0.17002013683101463,0.3616828701278943,0.5317030069589089
25.302020202020206,51,-97.31092436974791,-0.18522914202294075,0.37950280451037294,0.5647319465333137
25.302020202020206,51,-97.16686674669869,-0.2003231227727454,0.39713865031007467,0.59746177308282
25.302020202020206,51,-97.02280912364947,-0.21529262538818733,0.41458169315013077,0.6298743185383181
25.302020202020206,51,-96.87875150060025,-0.2301282631229197,0.43182330139785097,0.6619515645207706
25.302020202020206,51,-96.73469387755102,-0.24482072251812878,0.44885493100432405,0.6936756535224529
25.302020202020206,51,-96.5906362545018,-0.25936076970748173,0.4656681303060148,0.7250289000134965
25.302020202020206,51,-96.44657863145258,-0.27373925668044613,0.4822545447851031,0.7559938014655492
25.302020202020206,51,-96.30252100840336,-0.287947127499302,0.49860592178540497,0.786553049284707
25.302020202020206,51,-96.15846338535415,-0.3019754244650155,0.514714115180659,0.8166895396456746
25.302020202020206,51,-96.01440576230493,-0.3158152942271645,0.5305710899920764,0.8463863842192408
25.302020202020206,51,-95.87034813925571,-0.3294579938332975,0.5461689269519713,0.8756269207852687
25.302020202020206,51,-95.72629051620649,-0.34289489671286977,0.5614998270104371,0.9043947237233069
25.302020202020206,51,-95.58223289315727,-0.35611749859133235,0.5765561157819473,0.9326736143732797
25.302020202020206,51,-95.43817527010805,-0.3691174233295457,0.5913302479289044,0.9604476712584502
25.302020202020206,51,-95.29411764705883,-0.3818864286841487,0.6058148114790959,0.9877012401632446
25.302020202020206,51,-95.1500600240096,-0.39441641198423144,0.620002532074125,1.0144189440583564
25.302020202020206,51,-95.00600240096038,-0.40669941571997137,0.6338862771459178,1.0405856928658892
25.302020202020206,51,-94.86194477791116,-0.41872763303878296,0.6474590600183979,1.0661866930571808
25.302020202020206,51,-94.71788715486196,-0.4304934131447071,0.6607140439315426,1.0912074570762498
25.302020202020206,51,-94.57382953181273,-0.44198926659675936,0.6736445459850197,1.115633812581779
25.302020202020206,51,-94.42977190876351,-0.4532078705020482,0.686244040998697,1.139451911500745
25.302020202020206,51,-94.28571428571429,-0.4641420735996212,0.6985061652873354,1.1626482388869566
25.302020202020206,51,-94.14165666266507,-0.47478490123092376,0.7104247203468728,1.1852096215777965
25.302020202020206,51,-93.99759903961585,-0.4851295601930514,0.7219936764497074,1.207123236642759
25.302020202020206,51,-93.85354141656663,-0.49516944347080144,0.7332071761465149,1.2283766196173163
25.302020202020206,51,-93.7094837935174,-0.5048981348438916,0.7440595376721257,1.2489576725160174
25.302020202020206,51,-93.56542617046819,-0.5143094133656171,0.7545452582531219,1.268854671618739
25.302020202020206,51,-93.42136854741898,-0.5233972577094038,0.7646590173148069,1.2880562750242106
25.302020202020206,51,-93.27731092436976,-0.5321558503797569,0.774395679585345,1.3065515299651018
25.302020202020206,51,-93.13325330132054,-0.5405795817842693,0.7837502980948569,1.324329879879126
25.302020202020206,51,-92.98919567827132,-0.548663054163423,0.7927181170673987,1.3413811712308217
25.302020202020206,51,-92.8451380552221,-0.5564010853750518,0.8012945747037853,1.357695660078837
25.302020202020206,51,-92.70108043217287,-0.5637887125304487,0.8094753058532945,1.3732640183837432
25.302020202020206,51,-92.55702280912365,-0.5708211954791379,0.817256144572388,1.388077340051526
25.302020202020206,51,-92.41296518607443,-0.5774940201396227,0.8246331265686305,1.4021271467082532
25.302020202020206,51,-92.26890756302521,-0.5838029016732617,0.8316024915281041,1.4154053932013657
25.302020202020206,51,-92.124849939976,-0.5897437874989689,0.8381606853246552,1.427904472823624
25.302020202020206,51,-91.98079231692678,-0.5953128601460214,0.8443043621094395,1.4396172222554608
25.302020202020206,51,-91.83673469387756,-0.6005065399429865,0.8500303862792544,1.450536926222241
25.302020202020206,51,-91.69267707082834,-0.6053214875403091,0.8553358343223092,1.4606573218626182
25.302020202020206,51,-91.54861944777912,-0.6097546062647362,0.8602179965400882,1.4699726028048246
25.302020202020206,51,-91.4045618247299,-0.6138030443035976,0.8646743786441163,1.478477422947714
25.302020202020206,51,-91.26050420168067,-0.6174641967171836,0.8687027032264765,1.48616689994366
25.302020202020206,51,-91.11644657863145,-0.6207357072775467,0.8723009111030523,1.493036618380599
25.302020202020206,51,-90.97238895558223,-0.6236154701324035,0.8754671625285269,1.4990826326609303
25.302020202020206,51,-90.82833133253301,-0.6261016312925551,0.8781998382822952,1.5043014695748504
25.302020202020206,51,-90.6842737094838,-0.628192589941873,0.8804975406245004,1.5086901305663734
25.302020202020206,51,-90.54021608643458,-0.6298869995685603,0.8823590941215291,1.5122460936900894
25.302020202020206,51,-90.39615846338536,-0.6311837689169351,0.8837835463403722,1.5149673152573073
25.302020202020206,51,-90.25210084033614,-0.6320820627589456,0.8847701684113588,1.5168522311703043
25.302020202020206,51,-90.10804321728692,-0.6325813024846804,0.8853184554588683,1.5178997579435487
25.302020202020206,51,-89.9639855942377,-0.6326811665115425,0.8854281268997071,1.5181092934112494
25.302020202020206,51,-89.81992797118848,-0.632381590511631,0.8850991266089429,1.517480717120574
25.302020202020206,51,-89.67587034813926,-0.6316827674572582,0.884331622953078,1.5160143904103363
25.302020202020206,51,-89.53181272509003,-0.6305851474844666,0.8831260086905374,1.5137111561750038
25.302020202020206,51,-89.38775510204083,-0.6290894375747298,0.8814829007395406,1.5105723383142704
25.302020202020206,51,-89.2436974789916,-0.6271966010550594,0.8794031398135259,1.5065997408685852
25.302020202020206,51,-89.09963985594239,-0.6249078569168972,0.8768877899243839,1.501795646841281
25.302020202020206,51,-88.95558223289316,-0.6222246789544297,0.8739381377538532,1.4961628167082828
25.302020202020206,51,-88.81152460984394,-0.6191487947229184,0.8705556918935257,1.4897044866164442
25.302020202020206,51,-88.66746698679472,-0.6156821843179747,0.8667421819540003,1.482424366271975
25.302020202020206,51,-88.5234093637455,-0.6118270789766972,0.8624995575438202,1.4743266365205174
25.302020202020206,51,-88.37935174069628,-0.6075859595018659,0.8578299871189138,1.4654159466207797
25.302020202020206,51,-88.23529411764706,-0.6029615545104186,0.8527358567033598,1.4556974112137784
25.302020202020206,51,-88.09123649459785,-0.5979568385076551,0.8472197684823856,1.4451766069900407
25.302020202020206,51,-87.94717887154863,-0.5925750297886764,0.8412845392685849,1.4338595690572613
25.302020202020206,51,-87.80312124849941,-0.5868195881688556,0.8349331988424611,1.4217527870113167
25.302020202020206,51,-87.65906362545019,-0.5806942125450274,0.8281689881684506,1.408863200713478
25.302020202020206,51,-87.51500600240097,-0.5742028382895064,0.8209953574877048,1.395198195777211
25.302020202020206,51,-87.37094837935174,-0.5673496344789373,0.8134159642889677,1.3807655987679048
25.302020202020206,51,-87.22689075630252,-0.5601390009602348,0.8054346711589961,1.3655736721192309
25.302020202020206,51,-87.0828331332533,-0.5525755652559868,0.7970555435140235,1.3496311087700104
25.302020202020206,51,-86.93877551020408,-0.544664179311818,0.7882828472138874,1.3329470265257055
25.302020202020206,51,-86.79471788715487,-0.5364099160882775,0.7791210460604865,1.315530962148764
25.302020202020206,51,-86.65066026410565,-0.5278180660000584,0.7695747991823364,1.297392865182395
25.302020202020206,51,-86.50660264105643,-0.518894133205342,0.7596489583070711,1.2785430915124132
25.302020202020206,51,-86.36254501800721,-0.5096438317482803,0.7493485649237887,1.258992396672069
25.302020202020206,51,-86.21848739495799,-0.5000730815576703,0.7386788473372597,1.23875192889493
25.302020202020206,51,-86.07442977190877,-0.4901880043050756,0.7276452176160345,1.21783322192111
25.302020202020206,51,-85.93037214885955,-0.47999491912562064,0.7162532684366232,1.1962481875622437
25.302020202020206,51,-85.78631452581033,-0.46950033820501513,0.7045087698259176,1.1740091080309327
25.302020202020206,51,-85.6422569027611,-0.458710962236112,0.6924176658041701,1.1511286280402822
25.302020202020206,51,-85.49819927971188,-0.4476336757488097,0.679986070930837,1.1276197466796467
25.302020202020206,51,-85.35414165666268,-0.4362755423169375,0.6672202667557301,1.1034958090726676
25.302020202020206,51,-85.21008403361346,-0.4246437996459012,0.654126698177901,1.0787704978238022
25.302020202020206,51,-85.06602641056423,-0.4127458545450492,0.6407119697148488,1.053457824259898
25.302020202020206,51,-84.92196878751501,-0.4005892777886635,0.6269828416845706,1.0275721194732341
25.302020202020206,51,-84.77791116446579,-0.3881817988697282,0.6129462263031636,1.0011280251728918
25.302020202020206,51,-84.63385354141657,-0.37553130065053153,0.598609183700625,0.9741404843511565
25.302020202020206,51,-84.48979591836735,-0.3626458139143324,0.5839789178576449,0.9466247317719774
25.302020202020206,51,-84.34573829531813,-0.34953351182245207,0.5690627724661501,0.9185962842886022
25.302020202020206,51,-84.2016806722689,-0.33620270428105153,0.5538682267164886,0.8900709309975401
25.302020202020206,51,-84.0576230492197,-0.32266183222207345,0.5384028910141034,0.8610647232361769
25.302020202020206,51,-83.91356542617048,-0.308919461802755,0.5226745026286609,0.8315939644314159
25.302020202020206,51,-83.76950780312126,-0.294984278528335,0.5066909212786126,0.8016751998069476
25.302020202020206,51,-83.62545018007204,-0.280865081302435,0.490460124654161,0.771325205956596
25.302020202020206,51,-83.48139255702282,-0.2665707764098637,0.4739902038817301,0.7405609802915938
25.302020202020206,51,-83.3373349339736,-0.25211037143634035,0.45728935893297756,0.7093997303693179
25.302020202020206,51,-83.19327731092437,-0.23749296913003193,0.44036589398149634,0.6778588631115283
25.302020202020206,51,-83.04921968787515,-0.22272776120951618,0.42322821271030125,0.6459559739198174
25.302020202020206,51,-82.90516206482593,-0.2078240221229893,0.4058848135733152,0.6137088356963045
25.302020202020206,51,-82.76110444177672,-0.19279110276354852,0.38834428501398793,0.5811353877775365
25.302020202020206,51,-82.6170468187275,-0.1776384241453036,0.37061530064430076,0.5482537247896043
25.302020202020206,51,-82.47298919567828,-0.1623754710451877,0.35270661438734885,0.5150820854325365
25.302020202020206,51,-82.32893157262906,-0.1470117856153232,0.33462705558676364,0.48163884120208683
25.302020202020206,51,-82.18487394957984,-0.13155696097077885,0.31638552408619836,0.4479424850569772
25.302020202020206,51,-82.04081632653062,-0.11602063475760946,0.29799098528218015,0.41401162003978964
25.302020202020206,51,-81.8967587034814,-0.10041248270601577,0.27945246515355127,0.37986494785956704
25.302020202020206,51,-81.75270108043217,-0.08474221217352533,0.26077904527081075,0.3455212574443361
25.302020202020206,51,-81.60864345738295,-0.06901955568297195,0.24197985778861972,0.31099941347159166
25.302020202020206,51,-81.46458583433373,-0.05325426446019544,0.22306408042473028,0.27631834488492574
25.302020202020206,51,-81.32052821128453,-0.03745610197623007,0.20404093142865165,0.2414970334048817
25.302020202020206,51,-81.1764705882353,-0.021634837498821693,0.18491966454326056,0.20655450204208226
25.302020202020206,51,-79.44777911164466,0.16648626697883026,-0.04879391385161517,0.21528018083044542
25.302020202020206,51,-79.30372148859544,0.18172780754787202,-0.06834162638370889,0.2500694339315809
25.302020202020206,51,-79.15966386554622,0.19685862042613103,-0.08785698812625302,0.28471560855238404
25.302020202020206,51,-79.015606242497,0.21186960258028104,-0.10733081246959644,0.3192004150498775
25.302020202020206,51,-78.87154861944778,0.22675174331165115,-0.12675395627093478,0.35350569958258593
25.302020202020206,51,-78.72749099639857,0.24149612985039662,-0.14611732452890325,0.38761345437929984
25.302020202020206,51,-78.58343337334935,0.2560939528618263,-0.16541187500998422,0.4215058278718105
25.302020202020206,51,-78.43937575030013,0.27053651186113425,-0.18462862282403883,0.45516513468517306
25.302020202020206,51,-78.29531812725091,0.284815220532932,-0.20375864494627186,0.4885738654792039
25.302020202020206,51,-78.15126050420169,0.29892161195214045,-0.22279308468303033,0.5217146966351708
25.302020202020206,51,-78.00720288115247,0.3128473437026412,-0.24172315607883602,0.5545704997814772
25.302020202020206,51,-77.86314525810324,0.32658420289056295,-0.26054014826218325,0.5871243511527462
25.302020202020206,51,-77.71908763505402,0.340124111048847,-0.2792354297275954,0.6193595407764424
25.302020202020206,51,-77.5750300120048,0.3534591289299751,-0.29780045255159654,0.6512595814815716
25.302020202020206,51,-77.43097238895558,0.3665814611839262,-0.3162267565402071,0.6828082177241332
25.302020202020206,51,-77.28691476590637,0.37948346091834245,-0.33450597330573195,0.7139894342240745
25.302020202020206,51,-77.14285714285715,0.392157634138197,-0.3526298302706018,0.7447874644087988
25.302020202020206,51,-76.99879951980793,0.4045966440621788,-0.37059015459610745,0.7751867986582863
25.302020202020206,51,-76.85474189675871,0.4167933153133104,-0.3883788770339836,0.805172192347294
25.302020202020206,51,-76.71068427370949,0.4287406379812252,-0.40598803569876646,0.8347286736799917
25.302020202020206,51,-76.56662665066027,0.44043177155384977,-0.42340977975902855,0.8638415513128783
25.302020202020206,51,-76.42256902761105,0.4518600487161829,-0.44063637304555503,0.8924964217617379
25.302020202020206,51,-76.27851140456183,0.46301897901411343,-0.4576601975746971,0.9206791765888105
25.302020202020206,51,-76.1344537815126,0.4739022523812069,-0.47447375698511046,0.9483760093663174
25.302020202020206,51,-75.9903961584634,0.48450374252668055,-0.4910696798862542,0.9755734224129348
25.302020202020206,51,-75.84633853541418,0.4948175101826662,-0.5074407231170072,1.0022582332996732
25.302020202020206,51,-75.70228091236496,0.5048378062092777,-0.5235797749129032,1.0284175811221807
25.302020202020206,51,-75.55822328931573,0.5145590745558569,-0.5394798579805149,1.054038932536372
25.302020202020206,51,-75.41416566626651,0.5239759550770438,-0.5551341324776218,1.0791100875546655
25.302020202020206,51,-75.27010804321729,0.5330832862023973,-0.5705358988978345,1.1036191851002317
25.302020202020206,51,-75.12605042016807,0.5418761074584671,-0.5856786008584746,1.1275547083169417
25.302020202020206,51,-74.98199279711885,0.550349661842163,-0.600555827790527,1.15090548963269
25.302020202020206,51,-74.83793517406963,0.5584993980446903,-0.6151613175296001,1.1736607155742904
25.302020202020206,51,-74.69387755102042,0.5663209725251166,-0.6294889588069033,1.1958099313320198
25.302020202020206,51,-74.5498199279712,0.5738102514330536,-0.6435327936392876,1.2173430450723413
25.302020202020206,51,-74.40576230492198,0.5809633123798156,-0.657287019617525,1.2382503319973406
25.302020202020206,51,-74.26170468187276,0.5877764460576925,-0.670745992092038,1.2585224381497304
25.302020202020206,51,-74.11764705882354,0.5942461577070859,-0.6839042262554013,1.2781503839624873
25.302020202020206,51,-73.97358943577431,0.6003691684312866,-0.6967563991209715,1.2971255675522582
25.302020202020206,51,-73.8295318127251,0.6061424163588632,-0.7092973513971282,1.3154397677559915
25.302020202020206,51,-73.68547418967587,0.6115630576537467,-0.7215220892566379,1.3330851469103846
25.302020202020206,51,-73.54141656662665,0.616628467373226,-0.7334257860007702,1.350054253373996
25.302020202020206,51,-73.39735894357743,0.6213362401741283,-0.7450037836178313,1.3663400237919596
25.302020202020206,51,-73.25330132052822,0.625684190867649,-0.7562515942358997,1.3819357851035488
25.302020202020206,51,-73.109243697479,0.6296703548233467,-0.7671649014695828,1.3968352562929294
25.302020202020206,51,-72.96518607442978,0.6332929882230018,-0.7777395616606997,1.4110325498837015
25.302020202020206,51,-72.82112845138056,0.6365505681650732,-0.7879716050129086,1.4245221731779818
25.302020202020206,51,-72.67707082833134,0.6394417926206594,-0.7978572366202922,1.4372990292409515
25.302020202020206,51,-72.53301320528212,0.6419655802419599,-0.8073928373900744,1.4493584176320344
25.302020202020206,51,-72.3889555822329,0.6441210700243496,-0.8165749648596365,1.4606960348839861
25.302020202020206,51,-72.24489795918367,0.6459076208232108,-0.8254003539081376,1.4713079747313484
25.302020202020206,51,-72.10084033613445,0.6473248107269398,-0.8338659173630618,1.4811907280900016
25.302020202020206,51,-71.95678271308525,0.6483724362874772,-0.8419687465021233,1.4903411827896005
25.302020202020206,51,-71.81272509003603,0.6490505116098632,-0.8497061114510059,1.498756623060869
25.302020202020206,51,-71.6686674669868,0.6493592673025004,-0.857075461477492,1.5064347287799924
25.302020202020206,51,-71.52460984393758,0.6492991492897655,-0.8640744251825927,1.5133735744723582
25.302020202020206,51,-71.38055222088836,0.6488708174888759,-0.8707008105893842,1.51957162807826
25.302020202020206,51,-71.23649459783914,0.6480751443527595,-0.8769526051302704,1.52502774948303
25.302020202020206,51,-71.09243697478992,0.6469132132810501,-0.8828279755335151,1.5297411888145653
25.302020202020206,51,-70.9483793517407,0.6453863169012015,-0.8883252676098933,1.533711584511095
25.302020202020206,51,-70.80432172869148,0.6434959552219633,-0.8934430059404211,1.5369389611623845
25.302020202020206,51,-70.66026410564227,0.6412438336613323,-0.8981798934661416,1.539423727127474
25.302020202020206,51,-70.51620648259305,0.6386318609514527,-0.9025348109810407,1.5411666719324935
25.302020202020206,51,-70.37214885954383,0.6356621469227307,-0.906506816529188,1.5421689634519187
25.302020202020206,51,-70.2280912364946,0.6323370001696909,-0.9100951447072844,1.542432144876975
25.302020202020206,51,-70.08403361344538,0.6286589256011729,-0.9132992058738364,1.5419581314750093
25.302020202020206,51,-69.93997599039616,0.6246306218773562,-0.9161185852662291,1.5407492071435853
25.302020202020206,51,-69.79591836734694,0.6202549787363946,-0.9185530420270342,1.5388080207634287
25.302020202020206,51,-69.65186074429772,0.6155350742133855,-0.920602508140922,1.5361375823543075
25.302020202020206,51,-69.5078031212485,0.6104741717544135,-0.9222670872836141,1.5327412590380276
25.302020202020206,51,-69.36374549819928,0.6050757172286277,-0.9235470535843416,1.5286227708129694
25.302020202020206,51,-69.21968787515007,0.5993433358411386,-0.9244428503033374,1.5237861861444761
25.302020202020206,51,-69.07563025210085,0.5932808289498847,-0.9249550884259164,1.518235917375801
25.302020202020206,51,-68.93157262905163,0.5868921707892385,-0.9250845451747591,1.5119767159639976
25.302020202020206,51,-68.78751500600241,0.5801815051036396,-0.9248321624420415,1.505013667545681
25.302020202020206,51,-68.64345738295319,0.5731531416942199,-0.9241990451430906,1.4973521868373105
25.302020202020206,51,-68.49939975990397,0.5658115528816232,-0.9231864594933006,1.4889980123749238
25.302020202020206,51,-68.35534213685474,0.5581613698881667,-0.9217958312100621,1.479957201098229
25.302020202020206,51,-68.21128451380552,0.5502073791425646,-0.9200287436414936,1.4702361227840581
25.302020202020206,51,-68.0672268907563,0.5419545185105055,-0.917886935823809,1.4598414543343146
25.302020202020206,51,-67.9231692677071,0.5334078734542198,-0.9153723004691713,1.448780173923391
25.302020202020206,51,-67.77911164465787,0.5245726731245138,-0.9124868818859203,1.4370595550104341
25.302020202020206,51,-67.63505402160865,0.5154542863884574,-0.9092328738330819,1.4246871602215392
25.302020202020206,51,-67.49099639855943,0.5060582177961096,-0.9056126173111079,1.4116708351072176
25.302020202020206,51,-67.34693877551021,0.49639010348961204,-0.901628598290788,1.3980187017804
25.302020202020206,51,-67.20288115246099,0.4864557070580396,-0.897283445382345,1.3837391524403846
25.302020202020206,51,-67.05882352941177,0.476260915341374,-0.8925799274466858,1.3688408427880598
25.302020202020206,51,-66.91476590636255,0.4658117341869833,-0.8875209511508627,1.353332685337846
25.302020202020206,51,-66.77070828331333,0.45511428416195643,-0.8821095584697569,1.3372238426317133
25.302020202020206,51,-66.62665066026412,0.4441747962247591,-0.876348924136059,1.3205237203608182
25.302020202020206,51,-66.4825930372149,0.4329996073595312,-0.8702423530406024,1.3032419604001335
25.302020202020206,51,-66.33853541416568,0.42159515617643495,-0.8637932775851368,1.2853884337615717
25.302020202020206,51,-66.19447779111646,0.40996797848139194,-0.8570052549896319,1.2669732334710238
25.302020202020206,51,-66.05042016806723,0.3981247028186654,-0.8498819645562018,1.248006667374867
25.302020202020206,51,-65.90636254501801,0.3860720459895035,-0.8424272048917716,1.228499250881275
25.302020202020206,51,-65.76230492196879,0.3738168085503147,-0.8346448910915778,1.2084616996418924
25.302020202020206,51,-65.61824729891957,0.36136587029361705,-0.8265390518856373,1.1879049221792544
25.302020202020206,51,-65.47418967587035,0.3487261857150743,-0.8181138267502799,1.1668400124653542
25.302020202020206,51,-65.33013205282114,0.33590477946991476,-0.8093734629868843,1.145278242456799
25.302020202020206,51,-65.18607442977192,0.3229087418219598,-0.8003223127699087,1.1232310545918684
25.302020202020206,51,-65.0420168067227,0.30974522408851834,-0.7909648301663549,1.1007100542548733
25.302020202020206,51,-64.89795918367348,0.29642143408430244,-0.7813055681287464,1.0777270022130487
25.302020202020206,51,-64.75390156062426,0.28294463156757726,-0.7713491754637499,1.0542938070313272
25.302020202020206,51,-64.60984393757504,0.2693221236916291,-0.761100393778512,1.0304225174701411
25.302020202020206,51,-64.46578631452581,0.2555612604646427,-0.7505640544068215,1.0061253148714642
25.302020202020206,51,-64.3217286914766,0.24166943022108786,-0.7397450753171434,0.9814145055382313
25.302020202020206,51,-64.17767106842737,0.22765405510757317,-0.7286484580046255,0.9563025131121987
25.302020202020206,51,-64.03361344537815,0.21352258658617973,-0.717279284369093,0.9308018709552728
25.302020202020206,51,-63.889555822328944,0.1992825009581685,-0.7056427135810995,0.904925214539268
25.302020202020206,51,-63.74549819927972,0.18494129491094807,-0.69374397893803,0.8786852738489781
25.302020202020206,51,-63.6014405762305,0.17050648109117147,-0.6815883847122817,0.8520948658034532
25.302020202020206,51,-63.45738295318128,0.15598558370664417,-0.6691813029934958,0.8251668867001399
25.302020202020206,51,-63.31332533013206,0.14138613415990214,-0.6565281705268068,0.797914304686709
25.302020202020206,51,-63.16926770708284,0.1267156667160133,-0.6436344855490665,0.7703501522650799
25.302020202020206,51,-63.02521008403362,0.11198171420729272,-0.6305058046249495,0.7424875188322423
25.302020202020206,51,-62.881152460984396,0.09719180377751581,-0.6171477394848627,0.7143395432623785
25.302020202020206,51,-62.737094837935174,0.08235345266800863,-0.6035659538665088,0.6859194065345174
25.302020202020206,51,-62.59303721488597,0.06747416404825045,-0.5897661603619911,0.6572403244102416
25.302020202020206,51,-62.448979591836746,0.05256142289320992,-0.5757541172722319,0.6283155401654419
25.302020202020206,51,-62.304921968787525,0.03762269190978532,-0.5615356254705768,0.5991583173803621
25.302020202020206,51,-62.160864345738304,0.022665407514697356,-0.5471165252772717,0.5697819327919691
25.302020202020206,51,-62.01680672268908,0.007696975865860611,-0.5325026933466228,0.5401996692124834
25.302020202020206,51,-61.87274909963986,-0.007275231050424087,-0.5177000395685044,0.5104248085180804
25.302020202020206,51,-61.72869147659064,-0.022243879274597443,-0.5027145039859178,0.48047062471132035
25.302020202020206,51,-61.58463385354142,-0.0372016766691431,-0.48755205373024585,0.45035037706110276
25.302020202020206,51,-61.4405762304922,-0.05214137665218969,-0.4722186799758006,0.4200773033236109
25.302020202020206,51,-61.29651860744299,-0.06705578186757903,-0.4567203949152824,0.38966461304770333
25.302020202020206,51,-61.15246098439377,-0.0819377477895135,-0.4410632287576443,0.3591254809681308
25.302020202020206,51,-61.00840336134455,-0.09678018626015356,-0.42525322674994753,0.328473040489794
25.302020202020206,51,-60.86434573829533,-0.11157606895846597,-0.4092964462246047,0.29772037726613876
25.302020202020206,51,-60.720288115246106,-0.12631843079872512,-0.39319895367352453,0.2668805228747994
25.302020202020206,51,-60.576230492196885,-0.14100037325719997,-0.3769668218505095,0.23596644859330954
25.302020202020206,51,-60.432172869147664,-0.15561506762550056,-0.36060612690331684,0.20499105927781627
25.302020202020206,51,-58.415366146458595,-0.3495276124911292,-0.12144432000849298,0.2280832924826362
25.302020202020206,51,-58.271308523409374,-0.36237067052635996,-0.10387824119695288,0.2584924293294071
25.302020202020206,51,-58.12725090036015,-0.37504906824254697,-0.08627907299435787,0.2887699952481891
25.302020202020206,51,-57.98319327731093,-0.3875575850102458,-0.06865254502154478,0.318905039988701
25.302020202020206,51,-57.83913565426171,-0.39989111482693174,-0.05100434506773804,0.3488867697591937
25.302020202020206,51,-57.69507803121249,-0.41204466799854345,-0.033340116994007934,0.3787045510045355
25.302020202020206,51,-57.55102040816327,-0.42401337273374573,-0.015665458685454773,0.40834791404829096
25.302020202020206,51,-57.40696278511405,-0.4357924766509066,0.0020140799472982336,0.43780655659820483
25.302020202020206,51,-57.26290516206484,-0.44737734819786623,0.01969299891686006,0.4670703471147263
25.302020202020206,51,-57.11884753901562,-0.45876347798469286,0.03736585005758093,0.4961293280422738
25.302020202020206,51,-56.9747899159664,-0.4699464800295178,0.05502723887341445,0.5249737189029322
25.302020202020206,51,-56.830732292917176,-0.48092209291784516,0.07267182633476764,0.5535939192526128
25.302020202020206,51,-56.686674669867955,-0.4916861808755068,0.09029433062398699,0.5819805114994938
25.302020202020206,51,-56.542617046818734,-0.5022347347557756,0.10788952882918694,0.6101242635849625
25.302020202020206,51,-56.39855942376951,-0.5125638729409216,0.1254522585861598,0.6380161315270815
25.302020202020206,51,-56.25450180072029,-0.5226698421588822,0.14297741966814134,0.6656472618270236
25.302020202020206,51,-56.11044417767107,-0.5325490182154142,0.16045997552324787,0.6930089937386621
25.302020202020206,51,-55.96638655462185,-0.5421979066424117,0.17789495475943512,0.7200928614018469
25.302020202020206,51,-55.82232893157264,-0.551613143263034,0.19527745257685414,0.7468905958398881
25.302020202020206,51,-55.67827130852342,-0.5607914946742998,0.2126026321475496,0.7733941268218494
25.302020202020206,51,-55.5342136854742,-0.5697298586480023,0.2298657259424228,0.7995955845904251
25.302020202020206,51,-55.39015606242498,-0.5784252644505316,0.24706203700548457,0.8254873014560161
25.302020202020206,51,-55.24609843937576,-0.5868748730826938,0.2641869401754014,0.8510618132580952
25.302020202020206,51,-55.102040816326536,-0.5950759774402017,0.28123588325440174,0.8763118606946034
25.302020202020206,51,-54.957983193277315,-0.6030260023959121,0.29820438812463024,0.9012303905205423
25.302020202020206,51,-54.81392557022809,-0.6107225048046875,0.31508805181207894,0.9258105566167665
25.302020202020206,51,-54.66986794717887,-0.6181631734320092,0.33188254749824553,0.9500457209302547
25.302020202020206,51,-54.525810324129665,-0.6253458288072518,0.3485836254797081,0.9739294542869599
25.302020202020206,51,-54.381752701080444,-0.6322684230027756,0.3651871140758375,0.9974555370786131
25.302020202020206,51,-54.23769507803122,-0.6389290393400486,0.38168892048487896,1.0206179598249276
25.302020202020206,51,-54.093637454982,-0.6453258920237964,0.39808503158869984,1.0434109236124962
25.302020202020206,51,-53.94957983193278,-0.6514573257055204,0.4143715147064967,1.065828840412017
25.302020202020206,51,-53.80552220888356,-0.6573218149775213,0.4305445182977868,1.087866333275308
25.302020202020206,51,-53.66146458583434,-0.6629179637987868,0.44660027261506097,1.1095182364138476
25.302020202020206,51,-53.51740696278512,-0.6682445048538955,0.4625350903064679,1.1307795951603634
25.302020202020206,51,-53.373349339735896,-0.6733002988464026,0.47834536696894975,1.1516456658153524
25.302020202020206,51,-53.22929171668669,-0.6780843337279551,0.49402758165225896,1.172111915380214
25.302020202020206,51,-53.08523409363747,-0.6825957238645084,0.5095782973143295,1.1921740211788379
25.302020202020206,51,-52.941176470588246,-0.6868337091411573,0.524994161228461,1.2118278703696181
25.302020202020206,51,-52.797118847539025,-0.6907976540067983,0.5402719053428535,1.2310695593496517
25.302020202020206,51,-52.653061224489804,-0.6944870464602382,0.5554083465930001,1.2498953930532384
25.302020202020206,51,-52.50900360144058,-0.6979014969791123,0.5704003871674924,1.2683018841466047
25.302020202020206,51,-52.36494597839136,-0.7010407373931156,0.5852450147278133,1.286285752120929
25.302020202020206,51,-52.22088835534214,-0.703904619703048,0.5999393025827021,1.30384392228575
25.302020202020206,51,-52.07683073229292,-0.7064931148471444,0.6144804098177024,1.3209735246648466
25.302020202020206,51,-51.9327731092437,-0.7088063114162256,0.6288655813805238,1.3376718927967495
25.302020202020206,51,-51.78871548619449,-0.7108444143192485,0.6430921481228535,1.353936562442102
25.302020202020206,51,-51.644657863145255,-0.7126077434007243,0.657157526799297,1.3697652702000211
25.302020202020206,51,-51.50060024009605,-0.7140967320115525,0.6710592200240851,1.3851559520356376
25.302020202020206,51,-51.35654261704681,-0.7153119255349847,0.6847948161863127,1.4001067417212973
25.302020202020206,51,-51.212484993997606,-0.7162539798690641,0.69836198932432,1.4146159691933842
25.302020202020206,51,-51.0684273709484,-0.7169236598672437,0.7117584989600344,1.4286821588272782
25.302020202020206,51,-50.92436974789916,-0.717321837738776,0.724982189893931,1.442304027632707
25.302020202020206,51,-50.78031212484996,-0.7174494914103886,0.7380309919613948,1.4554804833717834
25.302020202020206,51,-50.63625450180072,-0.7173077028508715,0.7509029197512495,1.468210622602121
25.302020202020206,51,-50.492196878751514,-0.7168976563601119,0.7635960722871783,1.4804937286472901
25.302020202020206,51,-50.34813925570228,-0.7162206368242461,0.7761086326728792,1.4923292694971253
25.302020202020206,51,-50.20408163265307,-0.7152780279384195,0.7884388677016686,1.5037168956400881
25.302020202020206,51,-50.060024009603836,-0.7140713103987698,0.8005851274314025,1.5146564378301723
25.302020202020206,51,-49.91596638655463,-0.7126020600652024,0.8125458447254519,1.5251479047906544
25.302020202020206,51,-49.77190876350542,-0.7108719460965655,0.8243195347606047,1.5351914808571703
25.302020202020206,51,-49.62785114045619,-0.7088827290597048,0.8359047945026677,1.5447875235623725
25.302020202020206,51,-49.48379351740698,-0.7066362590140346,0.8473003021505972,1.5539365611646319
25.302020202020206,51,-49.339735894357744,-0.7041344735730924,0.8585048165500302,1.5626392901231227
25.302020202020206,51,-49.19567827130854,-0.7013793959447048,0.8695171765769772,1.570896572521682
25.302020202020206,51,-49.0516206482593,-0.6983731329512146,0.880336300492588,1.5787094334438025
25.302020202020206,51,-48.907563025210095,-0.6951178730313006,0.890961185269762,1.5860790583010624
25.302020202020206,51,-48.76350540216086,-0.6916158842249341,0.9013909058925129,1.593006790117447
25.302020202020206,51,-48.61944777911165,-0.6878695121429195,0.9116246146288661,1.5994941267717855
25.302020202020206,51,-48.475390156062446,-0.6838811779224733,0.9216615402781934,1.6055427182006667
25.302020202020206,51,-48.33133253301321,-0.679653376170376,0.9315009873937866,1.6111543635641628
25.302020202020206,51,-48.187274909964,-0.6751886728950478,0.9411423354815404,1.616331008376588
25.302020202020206,51,-48.04321728691477,-0.6704897034290948,0.950585038175594,1.621074741604689
25.302020202020206,51,-47.89915966386556,-0.6655591703435941,0.9598286223917456,1.6253877927353397
25.302020202020206,51,-47.755102040816325,-0.6603998413556242,0.9688726874595353,1.6292725288151595
25.302020202020206,51,-47.61104441776712,-0.6550145472303381,0.9777169042337703,1.6327314514641085
25.302020202020206,51,-47.46698679471788,-0.6494061796789798,0.9863610141864052,1.635767193865385
25.302020202020206,51,-47.322929171668676,-0.643577689254169,0.9948048284795407,1.6383825177337097
25.302020202020206,51,-47.17887154861947,-0.6375320832437407,1.003048227020434,1.6405803102641747
25.302020202020206,51,-47.03481392557023,-0.6312724235644479,1.0110911574993018,1.6423635810637496
25.302020202020206,51,-46.89075630252103,-0.6248018246568154,1.0189336344107587,1.6437354590675741
25.302020202020206,51,-46.74669867947179,-0.6181234513823384,1.0265757380597196,1.644699189442058
25.302020202020206,51,-46.602641056422584,-0.611240516924298,1.0340176135525436,1.6452581304768417
25.302020202020206,51,-46.45858343337335,-0.6041562806933916,1.0412594697742683,1.6454157504676599
25.302020202020206,51,-46.31452581032414,-0.5968740462393245,1.048301578352678,1.6451756245920024
25.302020202020206,51,-46.170468187274906,-0.5893971591695287,1.055144272610093,1.6445414317796216
25.302020202020206,51,-46.0264105642257,-0.581729005076105,1.0617879465035056,1.6435169515796106
25.302020202020206,51,-45.88235294117649,-0.5738730074721775,1.0682330535540239,1.6421060610262015
25.302020202020206,51,-45.73829531812726,-0.5658326257386356,1.0744801057662683,1.640312731504904
25.302020202020206,51,-45.59423769507805,-0.5576113530823629,1.0805296725385045,1.6381410256208673
25.302020202020206,51,-45.450180072028814,-0.5492127145069663,1.0863823795643126,1.635595094071279
25.302020202020206,51,-45.30612244897961,-0.5406402647970189,1.0920389077264598,1.6326791725234786
25.302020202020206,51,-45.16206482593037,-0.5318975865167554,1.0974999919837825,1.629397578500538
25.302020202020206,51,-45.018007202881165,-0.5229882880242192,1.1027664202517438,1.625754708275963
25.302020202020206,51,-44.87394957983193,-0.5139160015016498,1.1078390322774159,1.6217550337790656
25.302020202020206,51,-44.72989195678272,-0.5046843810032114,1.112718718509574,1.6174030995127855
25.302020202020206,51,-44.58583433373349,-0.49529710052072673,1.1174064189645996,1.6127035194853263
25.302020202020206,51,-44.44177671068428,-0.4857578520683218,1.1219031220888611,1.607660974157183
25.302020202020206,51,-44.29771908763507,-0.47607034378686736,1.1262098636182727,1.60228020740514
25.302020202020206,51,-44.15366146458584,-0.46623829806882755,1.130327725435656,1.5965660235044836
25.302020202020206,51,-44.00960384153663,-0.45626544970445737,1.1342578344265615,1.5905232841310188
25.302020202020206,51,-43.865546218487395,-0.4461555440499235,1.1380013613342144,1.584156905384138
25.302020202020206,51,-43.72148859543819,-0.43591233521811773,1.141559519614156,1.5774718548322737
25.302020202020206,51,-43.57743097238895,-0.4255395842928398,1.144933564289243,1.5704731485820829
25.302020202020206,51,-43.433373349339746,-0.41504105756693055,1.1481247908055685,1.563165848372499
25.302020202020206,51,-43.28931572629051,-0.4044205248050606,1.151134533889909,1.5555550586949696
25.302020202020206,51,-43.145258103241304,-0.3936817575316655,1.1539641664092721,1.5476459239409377
25.302020202020206,51,-43.0012004801921,-0.3828285273446554,1.1566150982330987,1.5394436255777542
25.302020202020206,51,-42.85714285714286,-0.3718646042554149,1.159088775098672,1.530953379354087
25.302020202020206,51,-42.713085234093654,-0.36079375505556566,1.1613866774802681,1.522180432535834
25.302020202020206,51,-42.56902761104442,-0.3496197417110401,1.1635103194625864,1.5131300611736265
25.302020202020206,51,-42.42496998799521,-0.33834631978383595,1.1654612476189352,1.503807567402771
25.302020202020206,51,-42.280912364945976,-0.32697723688195424,1.1672410398947166,1.494218276776671
25.302020202020206,51,-42.13685474189677,-0.3155162311378657,1.1688513044966442,1.4843675356345098
25.302020202020206,51,-41.992797118847534,-0.30396702971588707,1.1702936787882137,1.4742607085041008
25.302020202020206,51,-41.84873949579833,-0.29233334734887645,1.171569828191842,1.4639031755407186
25.302020202020206,51,-41.70468187274912,-0.2806188849044643,1.172681445098146,1.4533003300026102
25.302020202020206,51,-41.560624249699885,-0.2688273279812163,1.1736302477827842,1.4424575757640006
25.302020202020206,51,-41.41656662665068,-0.2569623455349602,1.174417979331271,1.4313803248662311
25.302020202020206,51,-41.27250900360144,-0.2450275885354998,1.1750464065721877,1.4200739951076875
25.302020202020206,51,-41.128451380552235,-0.23302668865396445,1.1755173190191515,1.408544007673116
25.302020202020206,51,-40.984393757503,-0.22096325698102193,1.1758325278219584,1.3967957848029804
25.302020202020206,51,-40.84033613445379,-0.20884088277610474,1.1759938647272328,1.3848347475033376
25.302020202020206,51,-40.69627851140456,-0.1966631322477833,1.1760031810489477,1.372666313296731
25.302020202020206,51,-40.55222088835535,-0.18443354736544393,1.1758623466491647,1.3602958940146086
25.302020202020206,51,-40.40816326530614,-0.17215564470236622,1.1755732489292956,1.3477288936316618
25.302020202020206,51,-40.26410564225691,-0.15983291431032481,1.1751377918322237,1.3349707061425484
25.302020202020206,51,-40.1200480192077,-0.14746881862569103,1.1745578948555702,1.322026713481261
25.302020202020206,51,-39.975990396158466,-0.13506679140719854,1.1738354920763938,1.3089022834835924
25.302020202020206,51,-39.83193277310926,-0.12263023670530328,1.1729725311876016,1.295602767892905
25.302020202020206,51,-39.68787515006002,-0.11016252786314236,1.1719709725463363,1.2821335004094787
25.302020202020206,51,-39.543817527010816,-0.09766700654913263,1.1708327882345784,1.268499794783711
25.302020202020206,51,-39.39975990396158,-0.08514698182115549,1.1695599611322125,1.254706942953368
25.302020202020206,51,-39.255702280912374,-0.07260572922219495,1.1681544840027775,1.2407602132249724
25.302020202020206,51,-39.11164465786317,-0.0600464899074533,1.1666183585921062,1.2266648484995595
25.302020202020206,51,-38.96758703481393,-0.04747246980281922,1.1649535947400738,1.212426064542893
25.302020202020206,51,-38.823529411764724,-0.034886838794516754,1.1631622095056213,1.198049048300138
25.302020202020206,51,-38.67947178871549,-0.02229272994992879,1.1612462263052512,1.18353895625518
25.302020202020206,51,-38.53541416566628,-0.009693238769321634,1.1592076740651471,1.1689009128344687
25.302020202020206,51,-38.391356542617046,0.002908577531631746,1.1570485863870779,1.154140008855446
25.302020202020206,51,-38.24729891956784,0.015509700708692757,1.1547710007282301,1.1392613000195373
25.302020202020206,51,-38.103241296518604,0.02810715214547954,1.152376957595097,1.1242698054496176
25.302020202020206,51,-37.9591836734694,0.04069799347966348,1.1498684997515483,1.1091705062718848
25.302020202020206,51,-37.81512605042019,0.05327932719921712,1.1472476714411848,1.0939683442419676
25.302020202020206,51,-37.671068427370955,0.06584829720886994,1.1445165176240937,1.0786682204152238
25.302020202020206,51,-37.52701080432175,0.07840208936706064,1.1416770832280674,1.0632749938610067
25.302020202020206,51,-37.38295318127251,0.09093793199369658,1.1387314124143908,1.0477934804206943
25.302020202020206,51,-37.238895558223305,0.10345309634889745,1.1356815478582507,1.0322284515093532
25.302020202020206,51,-37.09483793517407,0.11594489708309327,1.1325295300438325,1.0165846329607393
25.302020202020206,51,-36.95078031212486,0.12841069265873947,1.129277396574152,1.0008667039154127
25.302020202020206,51,-36.80672268907563,0.14084788574401186,1.1259271814956557,0.9850792957516439
25.302020202020206,51,-36.66266506602642,0.15325392357872705,1.1224809146376409,0.9692269910589139
25.302020202020206,51,-36.518607442977185,0.16562629831286438,1.1189406209664878,0.9533143226536235
25.302020202020206,51,-36.37454981992798,0.17796254731805244,1.1153083199547402,0.9373457726366878
25.302020202020206,51,-36.23049219687877,0.19026025347231,1.1115860249650318,0.9213257714927218
25.302020202020206,51,-36.086434573829536,0.2025170454184962,1.1077757426488402,0.905258697230344
25.302020202020206,51,-35.94237695078033,0.21473059779673864,1.1038794723600864,0.8891488745633478
25.302020202020206,51,-35.79831932773109,0.226898631451316,1.0998992055835184,0.8730005741322024
25.302020202020206,51,-35.654261704681886,0.23901891361229677,1.0958369253778932,0.8568180117655965
25.302020202020206,51,-35.51020408163265,0.2510892580523511,1.0916946058338781,0.840605347781527
25.302020202020206,51,-35.366146458583444,0.2631075252192252,1.0874742115466698,0.8243666863274446
25.302020202020206,51,-35.22208883553421,0.27507162234408566,1.0831776971032367,0.8081060747591511
25.302020202020206,51,-35.078031212485,0.28697950352640117,1.0788070065841733,0.7918275030577722
25.302020202020206,51,-34.933973589435794,0.2988291697955522,1.0743640730800472,0.775534903284495
25.302020202020206,51,-34.78991596638656,0.3106186691497593,1.0698508182222217,0.7592321490724625
25.302020202020206,51,-34.64585834333735,0.3223460965726045,1.0652691517280386,0.7429230551554341
25.302020202020206,51,-34.50180072028812,0.33400959402776476,1.0606209709602834,0.7266113769325186
25.302020202020206,51,-34.35774309723891,0.3456073504322041,1.0559081605008582,0.7103008100686541
25.302020202020206,51,-34.213685474189674,0.35713760160839503,1.0511325917385421,0.6939949901301471
25.302020202020206,51,-34.06962785114047,0.36859863021597744,1.0462961224707619,0.6776974922547845
25.302020202020206,51,-33.92557022809123,0.3799887656632412,1.0414005965192514,0.6614118308560102
25.302020202020206,51,-33.781512605042025,0.39130638399899564,1.0364478433594455,0.6451414593604499
25.302020202020206,51,-33.63745498199282,0.40254990778519356,1.0314396777636268,0.6288897699784333
25.302020202020206,51,-33.49339735894358,0.4137178059507671,1.0263778994575152,0.6126600935067481
25.302020202020206,51,-33.349339735894375,0.4248085936271633,1.0212642927903137,0.5964556991631504
25.302020202020206,51,-33.20528211284514,0.4358208319660313,1.0161006264180177,0.5802797944519864
25.302020202020206,51,-33.06122448979593,0.446753127939466,1.010888652999873,0.5641355250604071
25.302020202020206,51,-32.9171668667467,0.4576041341233264,1.0056301089078192,0.5480259747844929
25.302020202020206,51,-32.77310924369749,0.4683725484640558,1.000326713948812,0.5319541654847562
25.302020202020206,51,-32.629051620648255,0.47905711402948664,0.9949801710998261,0.5159230570703395
25.302020202020206,51,-32.48499399759905,0.4896566187440369,0.9895921662554423,0.49993554751140545
25.302020202020206,51,-32.34093637454984,0.5001698951087808,0.984164367987811,0.4839944728790302
25.302020202020206,51,-32.196878751500606,0.510595819906843,0.9786984273188771,0.46810260741203413
25.302020202020206,51,-32.0528211284514,0.5209333138946226,0.9731959775046825,0.45226266361005985
25.302020202020206,51,-31.908763505402163,0.531181341479197,0.9676586338315776,0.43647729235238053
25.302020202020206,51,-31.764705882352956,0.5413389103824136,0.9620879934242057,0.42074908304179215
25.302020202020206,51,-31.62064825930372,0.5514050712921262,0.9564856350650428,0.40508056377291657
25.302020202020206,51,-31.476590636254514,0.561378917501004,0.9508531190253775,0.3894742015243735
25.302020202020206,51,-31.33253301320528,0.571259584533327,0.9451919869075024,0.37393240237417535
25.302020202020206,51,-31.18847539015607,0.5810462497602784,0.939503761497993,0.35845751173771456
25.302020202020206,51,-31.044417767106864,0.5907381320040676,0.9337899466318486,0.343051814627781
25.302020202020206,51,-30.90036014405763,0.600334491131465,0.9280520270673551,0.32771753593589015
25.302020202020206,51,-30.756302521008422,0.6098346276370021,0.92229146837147,0.3124568407344679
25.302020202020206,51,-30.612244897959187,0.6192378822163754,0.9165097168155412,0.29727183459916573
25.302020202020206,51,-30.46818727490998,0.6285436353304845,0.9107081992812018,0.2821645639507173
25.302020202020206,51,-30.324129651860744,0.6377513067604232,0.9048883231762259,0.2671370164158027
25.302020202020206,51,-30.180072028811537,0.6468603551539831,0.8990514763601865,0.25219112120620335
25.302020202020206,51,-30.0360144057623,0.6558702775638906,0.8931990270797067,0.23732874951581606
25.302020202020206,51,-29.891956782713095,0.6647806089784145,0.8873323239131404,0.22255171493472592
25.302020202020206,51,-29.747899159663888,0.6735909218444953,0.8814526957244737,0.2078617738799784
25.302020202020206,51,-25.138055222088838,0.9019218592414214,0.6934015749586014,0.20852028428282
25.302020202020206,51,-24.99399759903963,0.9074065973921611,0.6877126747607544,0.21969392263140675
25.302020202020206,51,-24.849939975990395,0.9127953607270923,0.6820444876807447,0.23075087304634767
25.302020202020206,51,-24.705882352941188,0.918088701530943,0.67639768154743,0.24169101998351306
25.302020202020206,51,-24.561824729891953,0.9232871903936031,0.6707729074100025,0.25251428298360057
25.302020202020206,51,-24.417767106842746,0.9283914156897556,0.6651707997063775,0.2632206159833781
25.302020202020206,51,-24.27370948379354,0.9334019830619985,0.6595919764342605,0.273810006627738
25.302020202020206,51,-24.129651860744303,0.9383195149075404,0.6540370393247722,0.2842824755827682
25.302020202020206,51,-23.985594237695096,0.9431446498686695,0.6485065740184925,0.294638075850177
25.302020202020206,51,-23.84153661464586,0.9478780423272106,0.6430011502437751,0.3048768920834355
25.302020202020206,51,-23.697478991596654,0.9525203619030094,0.6375213219972246,0.3149990399057848
25.302020202020206,51,-23.55342136854742,0.9570722929566582,0.6320676277261816,0.32500466523047655
25.302020202020206,51,-23.40936374549821,0.9615345340965563,0.6266405905131145,0.3348939435834418
25.302020202020206,51,-23.265306122448976,0.9659077976904247,0.6212407182617639,0.3446670794286608
25.302020202020206,51,-23.12124849939977,0.9701928093814592,0.61586850388495,0.3543243054965093
25.302020202020206,51,-22.977190876350562,0.9743903076091853,0.6105244254938914,0.3638658821152939
25.302020202020206,51,-22.833133253301327,0.9785010431350725,0.605208946588941,0.3732920965461315
25.302020202020206,51,-22.68907563025212,0.982525778573151,0.5999225162516167,0.3826032623215343
25.302020202020206,51,-22.545018007202884,0.9864652879256302,0.5946655693378001,0.39179971858783
25.302020202020206,51,-22.400960384153677,0.9903203561236271,0.589438526672024,0.4008818294516031
25.302020202020206,51,-22.256902761104442,0.9940917785731013,0.5842417952427011,0.4098499833304001
25.302020202020206,51,-22.112845138055235,0.9977803607060448,0.5790757683982284,0.4187045923078164
25.302020202020206,51,-21.968787515006,1.0013869175371373,0.5739408260438245,0.4274460914933128
25.302020202020206,51,-21.824729891956792,1.0049122732257452,0.5688373348390383,0.43607493838670686
25.302020202020206,51,-21.680672268907585,1.008357260643492,0.5637656483957935,0.4445916122476986
25.302020202020206,51,-21.53661464585835,1.0117227209473838,0.5587261074768984,0.45299661347048537
25.302020202020206,51,-21.392557022809143,1.0150095031585593,0.5537190401949214,0.46129046296363796
25.302020202020206,51,-21.248499399759908,1.0182184637467553,0.5487447622113233,0.469473701535432
25.302020202020206,51,-21.1044417767107,1.0213504662204707,0.5438035769357913,0.47754688928467937
25.302020202020206,51,-20.960384153661465,1.024406380722955,0.5388957757256455,0.4855106049973096
25.302020202020206,51,-20.81632653061226,1.0273870836340258,0.5340216380852751,0.4933654455487506
25.302020202020206,51,-20.672268907563023,1.0302934571776998,0.5291814318654849,0.5011120253122149
25.302020202020206,51,-20.528211284513816,1.0331263890357494,0.5243754134627039,0.5087509755730455
25.302020202020206,51,-20.38415366146461,1.035886771967196,0.5196038280179475,0.5162829439492486
25.302020202020206,51,-20.240096038415373,1.038575503433741,0.5148669096154832,0.5237085938182577
25.302020202020206,51,-20.096038415366166,1.0411934852311326,0.5101648814811168,0.5310286037500158
25.302020202020206,51,-19.95198079231693,1.0437416231265773,0.5054979561800146,0.5382436669465627
25.302020202020206,51,-19.807923169267724,1.0462208265020858,0.5008663358140196,0.5453544906880662
25.302020202020206,51,-19.66386554621849,1.048632008003874,0.49627021221836426,0.5523617957855098
25.302020202020206,51,-19.51980792316928,1.0509760831977613,0.491709767157744,0.5592663160400173
25.302020202020206,51,-19.375750300120046,1.0532539702305597,0.4871851725216607,0.566068797708899
25.302020202020206,51,-19.23169267707084,1.0554665894975575,0.4826965905190011,0.5727699989785564
25.302020202020206,51,-19.087635054021604,1.057614863315877,0.47824417387176676,0.5793706894441103
25.302020202020206,51,-18.943577430972397,1.0596997156039498,0.4738280660079237,0.5858716495960261
25.302020202020206,51,-18.79951980792319,1.0617220715669304,0.46944840125329057,0.5922736703136399
25.302020202020206,51,-18.655462184873954,1.06368285738813,0.46510530502243624,0.5985775523656938
25.302020202020206,51,-18.511404561824747,1.0655829999263369,0.46079889400852253,0.6047841059178143
25.302020202020206,51,-18.367346938775512,1.067423426419175,0.4565292763720412,0.6108941500471339
25.302020202020206,51,-18.223289315726305,1.0692050641922455,0.4522965519284114,0.616908512263834
25.302020202020206,51,-18.07923169267707,1.0709288403743022,0.44810081233437377,0.6228280280399285
25.302020202020206,51,-17.935174069627863,1.072595681618213,0.44394214127315756,0.6286535403450554
25.302020202020206,51,-17.791116446578627,1.0742065138277694,0.4398206146383582,0.6343858991894112
25.302020202020206,51,-17.64705882352942,1.0757622618902682,0.4357363007165082,0.64002596117376
25.302020202020206,51,-17.503001200480213,1.0772638494149767,0.4316892603682777,0.645574589046699
25.302020202020206,51,-17.358943577430978,1.0787121984771306,0.4276795472082929,0.6510326512688378
25.302020202020206,51,-17.21488595438177,1.0801082293678377,0.4237072077835209,0.6564010215843168
25.302020202020206,51,-17.070828331332535,1.0814528603494569,0.41977228175019066,0.6616805785992662
25.302020202020206,51,-16.92677070828333,1.0827470074166559,0.4158748020492278,0.6668722053674281
25.302020202020206,51,-16.782713085234093,1.083991584063061,0.4120147950801571,0.6719767889829038
25.302020202020206,51,-16.638655462184886,1.0851875010533338,0.4081922808734636,0.6769952201798702
25.302020202020206,51,-16.49459783913565,1.0863356662007586,0.40440727326136383,0.6819283929393948
25.302020202020206,51,-16.350540216086443,1.0874369841502378,0.4006597800469834,0.6867772041032545
25.302020202020206,51,-16.206482593037236,1.0884923561666422,0.3969498031718989,0.6915425529947433
25.302020202020206,51,-16.062424969988,1.0895026799284566,0.3932773388820325,0.6962253410464241
25.302020202020206,51,-15.918367346938794,1.0904688493266768,0.38964237789187744,0.7008264714347994
25.302020202020206,51,-15.774309723889559,1.09139175426891,0.38604490554702314,0.7053468487218868
25.302020202020206,51,-15.630252100840352,1.0922722804885594,0.3824849019849828,0.7097873785035766
25.302020202020206,51,-15.486194477791116,1.0931113093591627,0.37896234229428033,0.7141489670648824
25.302020202020206,51,-15.34213685474191,1.0939097177136836,0.375477196671807,0.7184325210418766
25.302020202020206,51,-15.198079231692674,1.0946683776687198,0.37202943057840915,0.7226389470903107
25.302020202020206,51,-15.054021608643467,1.095388156453675,0.36861900489271604,0.7267691515609589
25.302020202020206,51,-14.90996398559426,1.0960699162447172,0.36524587606317205,0.7308240401815451
25.302020202020206,51,-14.765906362545024,1.0967145140034587,0.3619099962582855,0.7348045177451732
25.302020202020206,51,-14.621848739495817,1.0973228013203797,0.3586113135150692,0.7387114878053105
25.302020202020206,51,-14.477791116446582,1.0978956242628222,0.3553497718856628,0.7425458523771593
25.302020202020206,51,-14.333733493397375,1.0984338232275719,0.3521253115821459,0.746308511645426
25.302020202020206,51,-14.18967587034814,1.0989382327979134,0.3489378691195084,0.750000363678405
25.302020202020206,51,-14.045618247298933,1.0994096816050996,0.34578737745680393,0.7536223041482957
25.302020202020206,51,-13.901560624249697,1.0998489921941703,0.34267376613644973,0.7571752260577206
25.302020202020206,51,-13.75750300120049,1.1002569808940577,0.33959696142169843,0.7606600194723592
25.302020202020206,51,-13.613445378151283,1.100634457691845,0.3365568864322519,0.7640775712595931
25.302020202020206,51,-13.469387755102048,1.1009822261112399,0.33355346127803903,0.7674287648332008
25.302020202020206,51,-13.32533013205284,1.1013010830950372,0.3305866031911417,0.7707144799038954
25.302020202020206,51,-13.181272509003605,1.1015918188915916,0.3276562266558685,0.7739355922357232
25.302020202020206,51,-13.037214885954398,1.1018552169452245,0.3247622435369883,0.7770929734082361
25.302020202020206,51,-12.893157262905163,1.1020920537904726,0.32190456320611066,0.780187490584362
25.302020202020206,51,-12.749099639855956,1.1023030989500844,0.31908309266622725,0.7832200062838571
25.302020202020206,51,-12.60504201680672,1.1024891148367277,0.31629773667440597,0.7861913781623218
25.302020202020206,51,-12.460984393757514,1.102650856658318,0.31354839786265387,0.7891024587956641
25.302020202020206,51,-12.316926770708307,1.1027890723268907,0.310834976856939,0.7919540954699518
25.302020202020206,51,-12.172869147659071,1.1029045023710098,0.3081573723943869,0.7947471299766229
25.302020202020206,51,-12.028811524609864,1.1029978798514823,0.3055154814386555,0.7974823984128269
25.302020202020206,51,-11.884753901560629,1.1030699302804907,0.3029091992934858,0.8001607309870049
25.302020202020206,51,-11.740696278511422,1.1031213715439343,0.3003384197144482,0.8027829518294861
25.302020202020206,51,-11.596638655462186,1.1031529138269658,0.29780303501887917,0.8053498788080866
25.302020202020206,51,-11.45258103241298,1.103165259542695,0.2953029361940259,0.8078623233486691
25.302020202020206,51,-11.308523409363744,1.1031591032638288,0.2928380130033999,0.810321090260429
25.302020202020206,51,-11.164465786314537,1.1031351316573808,0.29040815409135334,0.8127269775660274
25.302020202020206,51,-11.02040816326533,1.1030940234222228,0.2880132470858816,0.8150807763363412
25.302020202020206,51,-10.876350540216094,1.1030364492294662,0.28565317869966766,0.8173832705297985
25.302020202020206,51,-10.732292917166887,1.1029630716656222,0.2833278348293766,0.8196352368362456
25.302020202020206,51,-10.588235294117652,1.1028745451784157,0.281037100653204,0.8218374445252117
25.302020202020206,51,-10.444177671068445,1.1027715160252523,0.2787808607267016,0.8239906552985506
25.302020202020206,51,-10.30012004801921,1.1026546222241773,0.2765589990768758,0.8260956231473016
25.302020202020206,51,-10.156062424970003,1.1025244935073375,0.27437139929458737,0.8281530942127502
25.302020202020206,51,-10.012004801920767,1.1023817512768603,0.2722179446252464,0.8301638066516139
25.302020202020206,51,-9.86794717887156,1.1022270085630201,0.27009851805783186,0.8321284905051882
25.302020202020206,51,-9.723889555822325,1.102060869984733,0.2680130024122294,0.8340478675725036
25.302020202020206,51,-9.579831932773118,1.1018839317122313,0.2659612804249207,0.8359226512873106
25.302020202020206,51,-9.43577430972391,1.1016967814318126,0.26394323483301646,0.8377535465987962
25.302020202020206,51,-9.291716686674675,1.1014999983127756,0.2619587484566603,0.8395412498561152
25.302020202020206,51,-9.147659063625468,1.1012941529762277,0.2600077042798129,0.8412864486964148
25.302020202020206,51,-9.003601440576233,1.1010798074659094,0.25808998552942386,0.8429898219364855
25.302020202020206,51,-8.859543817527026,1.1008575152209141,0.25620547575301356,0.8446520394679006
25.302020202020206,51,-8.71548619447779,1.1006278210501088,0.2543540588946712,0.8462737621554376
25.302020202020206,51,-8.571428571428584,1.1003912611084161,0.2525356193694891,0.847855641738927
25.302020202020206,51,-8.427370948379348,1.1001483628747244,0.2507500421364381,0.8493983207382862
25.302020202020206,51,-8.283313325330141,1.0998996451314411,0.2489972127697102,0.8509024323617309
25.302020202020206,51,-8.139255702280934,1.0996456179455636,0.24727701752852885,0.8523686004170348
25.302020202020206,51,-7.995198079231699,1.099386782651337,0.24558934342545063,0.8537974392258865
25.302020202020206,51,-7.851140456182492,1.0991236318342616,0.24393407829317057,0.855189553541091
25.302020202020206,51,-7.707082833133256,1.098856649316556,0.24231111084983795,0.856545538466718
25.302020202020206,51,-7.563025210084049,1.0985863101439328,0.24072033076290827,0.8578659793810246
25.302020202020206,51,-7.418967587034814,1.098313080573619,0.2391616287115339,0.8591514518620851
25.302020202020206,51,-7.274909963985607,1.0980374180636343,0.2376348964475171,0.8604025216161172
25.302020202020206,51,-7.1308523409363715,1.097759771263211,0.23614002685482985,0.8616197444083812
25.302020202020206,51,-6.9867947178871646,1.097480580004311,0.23467691400772497,0.8628036659965861
25.302020202020206,51,-6.842737094837958,1.0972002752942351,0.23324545322744072,0.8639548220667944
25.302020202020206,51,-6.698679471788722,1.0969192793091818,0.2318455411375227,0.8650737381716591
25.302020202020206,51,-6.554621848739515,1.0966380053888283,0.2304770757177717,0.8661609296710566
25.302020202020206,51,-6.41056422569028,1.096356858031754,0.22913995635682874,0.8672169016749253
25.302020202020206,51,-6.266506602641073,1.096076232891758,0.2278340839034191,0.8682421489883388
25.302020202020206,51,-6.122448979591837,1.09579651677493,0.22655936071625718,0.8692371560586728
25.302020202020206,51,-5.97839135654263,1.0955180876375465,0.2253156907126375,0.8702023969249091
25.302020202020206,51,-5.834333733493395,1.0952413145846602,0.22410297941571242,0.8711383351689478
25.302020202020206,51,-5.690276110444188,1.0949665578693153,0.22292113400048277,0.8720454238688325
25.302020202020206,51,-5.546218487394981,1.0946941688924394,0.2217700633385003,0.8729241055539392
25.302020202020206,51,-5.4021608643457455,1.0944244902032774,0.22064967804130617,0.8737748121619712
25.302020202020206,51,-5.2581032412965385,1.094157855500378,0.2195598905026109,0.874597964997767
25.302020202020206,51,-5.114045618247303,1.0938945896330745,0.21850061493922968,0.8753939746938448
25.302020202020206,51,-4.969987995198096,1.0936350086034412,0.2174717674307864,0.8761632411726548
25.302020202020206,51,-4.825930372148861,1.0933794195686097,0.21647326595819544,0.8769061536104144
25.302020202020206,51,-4.681872749099654,1.0931281208435086,0.21550503044093566,0.877623090402573
25.302020202020206,51,-4.537815126050418,1.092881401903979,0.214566982773125,0.878314419130854
25.302020202020206,51,-4.393757503001211,1.092639543390077,0.21365904685840967,0.8789804965316674
25.302020202020206,51,-4.249699879952004,1.0924028171097921,0.21278114864367598,0.8796216684661162
25.302020202020206,51,-4.105642256902769,1.0921714860428715,0.2119332161515964,0.8802382698912751
25.302020202020206,51,-3.961584633853562,1.0919458043449495,0.21111517951202188,0.8808306248329276
25.302020202020206,51,-3.8175270108043264,1.0917260173517684,0.2103269709922263,0.8813990463595421
25.302020202020206,51,-3.6734693877551194,1.0915123615835816,0.20956852502601858,0.8819438365575629
25.302020202020206,51,-3.529411764705884,1.0913050647496645,0.20883977824172462,0.8824652865079399
25.302020202020206,51,-3.385354141656677,1.0911043457528744,0.20814066948905632,0.8829636762638181
25.302020202020206,51,-3.2412965186074416,1.0909104146942932,0.20747113986486956,0.8834392748294236
25.302020202020206,51,-3.0972388955582346,1.0907234728778998,0.20683113273782433,0.8838923401400756
25.302020202020206,51,-2.9531812725090276,1.0905437128152293,0.20622059377195262,0.8843231190432768
25.302020202020206,51,-2.809123649459792,1.0903713182299675,0.2056394709491436,0.8847318472808239
25.302020202020206,51,-2.665066026410585,1.090206464062574,0.20508771459055353,0.8851187494720204
25.302020202020206,51,-2.52100840336135,1.0900493164748126,0.20456527737694677,0.8854840390978659
25.302020202020206,51,-2.376950780312143,1.0899000328541422,0.20407211436797582,0.8858279184861664
25.302020202020206,51,-2.2328931572629074,1.0897587618180178,0.20360818302040715,0.8861505787976106
25.302020202020206,51,-2.0888355342137004,1.0896256432180933,0.20317344320529868,0.8864522000127946
25.302020202020206,51,-1.944777911164465,1.0895008081442263,0.2027678572241349,0.8867329509200914
25.302020202020206,51,-1.800720288115258,1.0893843789283435,0.20239138982392665,0.8869929891044168
25.302020202020206,51,-1.6566626650660226,1.0892764691481243,0.2020440082112776,0.8872324609368467
25.302020202020206,51,-1.5126050420168156,1.0891771836304582,0.20172568206542835,0.8874515015650299
25.302020202020206,51,-1.3685474189676086,1.0890866184547021,0.20143638355027524,0.8876502349044268
25.302020202020206,51,-1.2244897959183731,1.0890048609557363,0.2011760873253752,0.8878287736303612
25.302020202020206,51,-1.0804321728691662,1.0889319897267629,0.2009447705559358,0.8879872191708271
25.302020202020206,51,-0.9363745498199307,1.08886807462182,0.20074241292179668,0.8881256617000233
25.302020202020206,51,-0.7923169267707237,1.088813176758078,0.20056899662540487,0.8882441801326731
25.302020202020206,51,-0.6482593037214883,1.088767348517887,0.20042450639878573,0.8883428421191013
25.302020202020206,51,-0.5042016806722813,1.088730633550513,0.20030892950951523,0.8884217040409976
25.302020202020206,51,-0.3601440576230459,1.088703066773571,0.20022225576569147,0.8884808110078797
25.302020202020206,51,-0.21608643457383891,1.0886846743742509,0.20016447751991137,0.8885201968543395
25.302020202020206,51,-0.07202881152463192,1.0886754738101938,0.20013558967225045,0.8885398841379434
25.302020202020206,51,0.0720288115246035,1.0886754738100393,0.20013558967225048,0.8885398841377887
25.302020202020206,51,0.2160864345738105,1.0886846743737884,0.20016447751991132,0.8885201968538771
25.302020202020206,51,0.3601440576230459,1.0887030667727842,0.20022225576569147,0.8884808110070928
25.302020202020206,51,0.5042016806722529,1.0887306335493891,0.20030892950951523,0.8884217040398739
25.302020202020206,51,0.6482593037214883,1.0887673485164264,0.20042450639878573,0.8883428421176407
25.302020202020206,51,0.7923169267706953,1.0888131767562743,0.20056899662540473,0.8882441801308696
25.302020202020206,51,0.9363745498199307,1.0888680746196757,0.20074241292179668,0.888125661697879
25.302020202020206,51,1.0804321728691377,1.0889319897242793,0.20094477055593574,0.8879872191683436
25.302020202020206,51,1.2244897959183447,1.089004860952908,0.20117608732537512,0.8878287736275328
25.302020202020206,51,1.3685474189675801,1.0890866184515164,0.20143638355027516,0.8876502349012413
25.302020202020206,51,1.5126050420167871,1.0891771836269246,0.20172568206542818,0.8874515015614964
25.302020202020206,51,1.6566626650660226,1.089276469144265,0.2020440082112776,0.8872324609329874
25.302020202020206,51,1.8007202881152296,1.0893843789241575,0.20239138982392663,0.8869929891002308
25.302020202020206,51,1.944777911164465,1.0895008081397266,0.2027678572241349,0.8867329509155917
25.302020202020206,51,2.088835534213672,1.089625643213286,0.20317344320529868,0.8864522000079873
25.302020202020206,51,2.2328931572629074,1.0897587618129256,0.20360818302040715,0.8861505787925185
25.302020202020206,51,2.3769507803121144,1.089900032848762,0.20407211436797576,0.8858279184807862
25.302020202020206,51,2.5210084033613214,1.0900493164691454,0.2045652773769466,0.8854840390921987
25.302020202020206,51,2.665066026410557,1.0902064640566231,0.2050877145905535,0.8851187494660696
25.302020202020206,51,2.809123649459764,1.090371318223735,0.20563947094914345,0.8847318472745914
25.302020202020206,51,2.953181272508999,1.090543712808717,0.20622059377195262,0.8843231190367644
25.302020202020206,51,3.097238895558206,1.0907234728711084,0.20683113273782425,0.8838923401332841
25.302020202020206,51,3.2412965186074416,1.0909104146872202,0.20747113986486956,0.8834392748223506
25.302020202020206,51,3.3853541416566486,1.0911043457455232,0.2081406694890562,0.882963676256467
25.302020202020206,51,3.529411764705884,1.0913050647420313,0.20883977824172462,0.8824652865003066
25.302020202020206,51,3.673469387755091,1.0915123615756628,0.20956852502601842,0.8819438365496444
25.302020202020206,51,3.817527010804298,1.0917260173435526,0.21032697099222622,0.8813990463513264
25.302020202020206,51,3.9615846338535334,1.0919458043364405,0.21111517951202174,0.8808306248244188
25.302020202020206,51,4.10564225690274,1.092171486034057,0.21193321615159638,0.8802382698824607
25.302020202020206,51,4.249699879951976,1.09240281710067,0.2127811486436758,0.8796216684569943
25.302020202020206,51,4.393757503001183,1.092639543380648,0.21365904685840956,0.8789804965222384
25.302020202020206,51,4.537815126050418,1.0928814018942423,0.214566982773125,0.8783144191211173
25.302020202020206,51,4.681872749099625,1.0931281208334664,0.21550503044093552,0.877623090392531
25.302020202020206,51,4.825930372148861,1.0933794195582387,0.21647326595819544,0.8769061536000433
25.302020202020206,51,4.969987995198068,1.0936350085927613,0.21747176743078633,0.876163241161975
25.302020202020206,51,5.114045618247275,1.0938945896220875,0.2185006149392295,0.8753939746828581
25.302020202020206,51,5.25810324129651,1.094157855489085,0.21955989050261057,0.8745979649864744
25.302020202020206,51,5.402160864345717,1.0944244901916729,0.22064967804130584,0.873774812150367
25.302020202020206,51,5.5462184873949525,1.0946941688805205,0.2217700633385,0.8729241055420205
25.302020202020206,51,5.6902761104441595,1.0949665578570786,0.22292113400048258,0.872045423856596
25.302020202020206,51,5.834333733493395,1.0952413145720903,0.22410297941571242,0.8711383351563778
25.302020202020206,51,5.978391356542602,1.0955180876246422,0.2253156907126372,0.870202396912005
25.302020202020206,51,6.122448979591837,1.0957965167616859,0.22655936071625718,0.8692371560454287
25.302020202020206,51,6.266506602641044,1.0960762328781841,0.2278340839034189,0.8682421489747653
25.302020202020206,51,6.410564225690251,1.0963568580178462,0.22913995635682854,0.8672169016610176
25.302020202020206,51,6.554621848739487,1.09663800537457,0.23047707571777148,0.8661609296567985
25.302020202020206,51,6.698679471788694,1.096919279294581,0.23184554113752254,0.8650737381570585
25.302020202020206,51,6.842737094837929,1.0972002752792853,0.23324545322744045,0.8639548220518449
25.302020202020206,51,6.986794717887136,1.0974805799890186,0.2346769140077247,0.8628036659812939
25.302020202020206,51,7.1308523409363715,1.0977597712475593,0.23614002685482985,0.8616197443927295
25.302020202020206,51,7.2749099639855785,1.0980374180476273,0.23763489644751662,0.8604025216001108
25.302020202020206,51,7.418967587034814,1.0983130805572463,0.2391616287115339,0.8591514518457124
25.302020202020206,51,7.563025210084021,1.0985863101271924,0.24072033076290794,0.8578659793642844
25.302020202020206,51,7.707082833133256,1.0988566492994443,0.24231111084983795,0.8565455384496063
25.302020202020206,51,7.851140456182463,1.0991236318167703,0.2439340782931702,0.8551895535236
25.302020202020206,51,7.99519807923167,1.0993867826334622,0.24558934342545027,0.853797439208012
25.302020202020206,51,8.139255702280906,1.0996456179272744,0.24727701752852854,0.8523686003987458
25.302020202020206,51,8.283313325330113,1.0998996451127239,0.24899721276970993,0.8509024323430139
25.302020202020206,51,8.427370948379348,1.1001483628555884,0.2507500421364381,0.8493983207191502
25.302020202020206,51,8.571428571428555,1.1003912610888478,0.25253561936948865,0.8478556417193591
25.302020202020206,51,8.71548619447779,1.1006278210301057,0.2543540588946712,0.8462737621354345
25.302020202020206,51,8.859543817526998,1.1008575152004731,0.25620547575301317,0.8446520394474599
25.302020202020206,51,9.003601440576233,1.1010798074450363,0.25808998552942386,0.8429898219156124
25.302020202020206,51,9.14765906362544,1.1012941529549034,0.26000770427981273,0.8412864486750906
25.302020202020206,51,9.291716686674647,1.1014999982910088,0.26195874845665984,0.8395412498343489
25.302020202020206,51,9.435774309723882,1.101696781409585,0.263943234833016,0.8377535465765691
25.302020202020206,51,9.57983193277309,1.101883931689526,0.26596128042492034,0.8359226512646056
25.302020202020206,51,9.723889555822325,1.1020608699615448,0.2680130024122294,0.8340478675493155
25.302020202020206,51,9.867947178871532,1.1022270085393384,0.2700985180578314,0.8321284904815069
25.302020202020206,51,10.012004801920767,1.1023817512527003,0.2722179446252464,0.8301638066274539
25.302020202020206,51,10.156062424969974,1.102524493482703,0.2743713992945868,0.8281530941881161
25.302020202020206,51,10.30012004801921,1.1026546221990592,0.2765589990768758,0.8260956231221834
25.302020202020206,51,10.444177671068417,1.1027715159996558,0.2787808607267012,0.8239906552729546
25.302020202020206,51,10.588235294117624,1.1028745451523412,0.28103710065320364,0.8218374444991375
25.302020202020206,51,10.732292917166859,1.1029630716390686,0.2833278348293762,0.8196352368096924
25.302020202020206,51,10.876350540216066,1.1030364492024314,0.2856531786996672,0.8173832705027642
25.302020202020206,51,11.020408163265301,1.1030940233947129,0.2880132470858811,0.8150807763088317
25.302020202020206,51,11.164465786314508,1.103135131629399,0.290408154091353,0.8127269775380459
25.302020202020206,51,11.308523409363744,1.1031591032353771,0.2928380130033999,0.8103210902319773
25.302020202020206,51,11.452581032412951,1.1031652595137962,0.29530293619402553,0.8078623233197706
25.302020202020206,51,11.596638655462186,1.1031529137976355,0.29780303501887917,0.8053498787787563
25.302020202020206,51,11.740696278511393,1.103121371514201,0.30033841971444775,0.8027829517997532
25.302020202020206,51,11.8847539015606,1.1030699302503746,0.3029091992934853,0.8001607309568892
25.302020202020206,51,12.028811524609836,1.1029978798210094,0.305515481438655,0.7974823983823545
25.302020202020206,51,12.172869147659043,1.1029045023401958,0.3081573723943862,0.7947471299458095
25.302020202020206,51,12.316926770708278,1.1027890722957499,0.31083497685693845,0.7919540954388113
25.302020202020206,51,12.460984393757485,1.1026508566268598,0.3135483978626534,0.7891024587642064
25.302020202020206,51,12.60504201680672,1.1024891148049762,0.31629773667440597,0.7861913781305703
25.302020202020206,51,12.749099639855928,1.1023030989180422,0.3190830926662267,0.7832200062518155
25.302020202020206,51,12.893157262905163,1.102092053758129,0.32190456320611066,0.7801874905520183
25.302020202020206,51,13.03721488595437,1.1018552169125926,0.3247622435369878,0.7770929733756048
25.302020202020206,51,13.181272509003577,1.1015918188586769,0.32765622665586797,0.7739355922028088
25.302020202020206,51,13.325330132052812,1.1013010830618566,0.3305866031911412,0.7707144798707154
25.302020202020206,51,13.46938775510202,1.1009822260778062,0.33355346127803853,0.7674287647997676
25.302020202020206,51,13.613445378151255,1.1006344576581664,0.33655688643225135,0.764077571225915
25.302020202020206,51,13.757503001200462,1.1002569808601252,0.33959696142169776,0.7606600194384274
25.302020202020206,51,13.901560624249697,1.0998489921599943,0.34267376613644973,0.7571752260235446
25.302020202020206,51,14.045618247298904,1.0994096815706853,0.3457873774568032,0.7536223041138821
25.302020202020206,51,14.18967587034814,1.0989382327632713,0.3489378691195084,0.7500003636437629
25.302020202020206,51,14.333733493397347,1.0984338231927033,0.35212531158214516,0.7463085116105581
25.302020202020206,51,14.477791116446554,1.0978956242277202,0.3553497718856623,0.7425458523420579
25.302020202020206,51,14.621848739495789,1.097322801285059,0.3586113135150684,0.7387114877699907
25.302020202020206,51,14.765906362544996,1.0967145139679129,0.36190999625828496,0.7348045177096278
25.302020202020206,51,14.909963985594231,1.0960699162089385,0.36524587606317127,0.7308240401457672
25.302020202020206,51,15.054021608643438,1.095388156417675,0.3686190048927154,0.7267691515249597
25.302020202020206,51,15.198079231692674,1.0946683776325015,0.37202943057840915,0.7226389470540924
25.302020202020206,51,15.34213685474188,1.0939097176772443,0.3754771966718064,0.7184325210054379
25.302020202020206,51,15.486194477791116,1.0931113093225096,0.37896234229428033,0.7141489670282293
25.302020202020206,51,15.630252100840323,1.0922722804516796,0.38248490198498225,0.7097873784666973
25.302020202020206,51,15.774309723889559,1.0913917542318055,0.38604490554702314,0.7053468486847823
25.302020202020206,51,15.918367346938766,1.0904688492893322,0.3896423778918768,0.7008264713974555
25.302020202020206,51,16.062424969987973,1.0895026798908445,0.39327733888203176,0.6962253410088127
25.302020202020206,51,16.206482593037208,1.0884923561287485,0.3969498031718981,0.6915425529568504
25.302020202020206,51,16.350540216086415,1.087436984112048,0.40065978004698266,0.6867772040650653
25.302020202020206,51,16.49459783913565,1.0863356661622499,0.40440727326136383,0.681928392900886
25.302020202020206,51,16.638655462184857,1.085187501014498,0.4081922808734631,0.676995220141035
25.302020202020206,51,16.782713085234093,1.0839915840238799,0.4120147950801571,0.6719767889437227
25.302020202020206,51,16.9267707082833,1.0827470073771344,0.415874802049227,0.6668722053279074
25.302020202020206,51,17.070828331332535,1.0814528603095885,0.41977228175019066,0.6616805785593979
25.302020202020206,51,17.214885954381742,1.080108229327638,0.4237072077835202,0.6564010215441178
25.302020202020206,51,17.35894357743095,1.078712198436611,0.42767954720829215,0.6510326512283189
25.302020202020206,51,17.503001200480185,1.0772638493741318,0.43168926036827715,0.6455745890058546
25.302020202020206,51,17.64705882352939,1.075762261849122,0.43573630071650743,0.6400259611326147
25.302020202020206,51,17.791116446578627,1.0742065137863024,0.4398206146383582,0.6343858991479442
25.302020202020206,51,17.935174069627834,1.0725956815764477,0.4439421412731567,0.628653540303291
25.302020202020206,51,18.07923169267707,1.0709288403322272,0.44810081233437377,0.6228280279978535
25.302020202020206,51,18.223289315726277,1.0692050641498634,0.4522965519284106,0.6169085122214528
25.302020202020206,51,18.367346938775512,1.0674234263764908,0.4565292763720412,0.6108941500044496
25.302020202020206,51,18.51140456182472,1.06558299988335,0.4607988940085217,0.6047841058748282
25.302020202020206,51,18.655462184873926,1.0636828573448198,0.46510530502243547,0.5985775523223844
25.302020202020206,51,18.79951980792316,1.0617220715233144,0.46944840125328985,0.5922736702700246
25.302020202020206,51,18.94357743097237,1.0596997155600243,0.4738280660079227,0.5858716495521016
25.302020202020206,51,19.087635054021604,1.0576148632716544,0.47824417387176676,0.5793706893998877
25.302020202020206,51,19.23169267707081,1.0554665894530446,0.48269659051900005,0.5727699989340446
25.302020202020206,51,19.375750300120046,1.0532539701857686,0.4871851725216607,0.5660687976641079
25.302020202020206,51,19.519807923169253,1.050976083152693,0.49170976715774295,0.5592663159949501
25.302020202020206,51,19.66386554621849,1.0486320079585534,0.49627021221836426,0.5523617957401892
25.302020202020206,51,19.807923169267696,1.0462208264565243,0.5008663358140186,0.5453544906425056
25.302020202020206,51,19.951980792316903,1.043741623080792,0.5054979561800139,0.5382436669007782
25.302020202020206,51,20.096038415366138,1.0411934851851425,0.5101648814811158,0.5310286037040267
25.302020202020206,51,20.240096038415345,1.038575503387566,0.5148669096154822,0.5237085937720839
25.302020202020206,51,20.38415366146458,1.0358867719208573,0.5196038280179464,0.516282943902911
25.302020202020206,51,20.528211284513787,1.0331263889892535,0.5243754134627028,0.5087509755265507
25.302020202020206,51,20.672268907563023,1.0302934571310725,0.5291814318654849,0.5011120252655875
25.302020202020206,51,20.81632653061223,1.0273870835872947,0.5340216380852741,0.49336544550202055
25.302020202020206,51,20.960384153661465,1.0244063806761288,0.5388957757256455,0.48551060495048326
25.302020202020206,51,21.104441776710672,1.0213504661735597,0.5438035769357901,0.47754688923776967
25.302020202020206,51,21.24849939975988,1.018218463699771,0.5487447622113226,0.46947370148844847
25.302020202020206,51,21.392557022809115,1.015009503111511,0.5537190401949204,0.4612904629165906
25.302020202020206,51,21.53661464585832,1.0117227209002568,0.5587261074768973,0.4529966134233595
25.302020202020206,51,21.680672268907557,1.008357260596284,0.5637656483957925,0.4445916122004916
25.302020202020206,51,21.824729891956764,1.0049122731784474,0.5688373348390375,0.4360749383394099
25.302020202020206,51,21.968787515006,1.0013869174897592,0.5739408260438245,0.4274460914459347
25.302020202020206,51,22.112845138055206,0.9977803606585818,0.5790757683982273,0.4187045922603545
25.302020202020206,51,22.256902761104442,0.9940917785255506,0.5842417952427011,0.4098499832828495
25.302020202020206,51,22.40096038415365,0.9903203560759906,0.589438526672023,0.40088182940396755
25.302020202020206,51,22.545018007202856,0.986465287877896,0.5946655693377991,0.3917997185400969
25.302020202020206,51,22.68907563025209,0.9825257785253093,0.5999225162516159,0.38260326227369346
25.302020202020206,51,22.8331332533013,0.9785010430871377,0.6052089465889399,0.37329209649819783
25.302020202020206,51,22.977190876350534,0.9743903075611596,0.6105244254938902,0.36386588206726944
25.302020202020206,51,23.12124849939974,0.9701928093333462,0.6158685038849491,0.3543243054483971
25.302020202020206,51,23.265306122448976,0.9659077976422181,0.6212407182617639,0.34466707938045427
25.302020202020206,51,23.409363745498183,0.9615345340482611,0.6266405905131133,0.3348939435351478
25.302020202020206,51,23.55342136854742,0.9570722929082719,0.6320676277261816,0.32500466518209026
25.302020202020206,51,23.697478991596626,0.9525203618545307,0.6375213219972234,0.31499903985730726
25.302020202020206,51,23.841536614645833,0.9478780422786355,0.6430011502437739,0.30487689203486157
25.302020202020206,51,23.985594237695068,0.9431446498200041,0.6485065740184915,0.2946380758015126
25.302020202020206,51,24.129651860744275,0.9383195148587905,0.654037039324771,0.28428247553401953
25.302020202020206,51,24.27370948379351,0.9334019830131493,0.659591976434259,0.2738100065788902
25.302020202020206,51,24.417767106842717,0.9283914156408021,0.6651707997063765,0.2632206159344256
25.302020202020206,51,24.561824729891953,0.923287190344542,0.6707729074100025,0.2525142829345395
25.302020202020206,51,24.70588235294116,0.9180887014817871,0.676397681547429,0.24169101993435815
25.302020202020206,51,24.849939975990395,0.9127953606778232,0.6820444876807447,0.23075087299707853
25.302020202020206,51,24.993997599039602,0.9074065973427757,0.687712674760753,0.2196939225820227
25.302020202020206,51,25.138055222088838,0.9019218591919247,0.6934015749586014,0.20852028423332325
25.302020202020206,51,29.74789915966386,0.6735909217958064,0.8814526957244722,0.20786177392866578
25.302020202020206,51,29.891956782713066,0.664780608929901,0.8873323239131394,0.22255171498323845
25.302020202020206,51,30.0360144057623,0.6558702775155475,0.8931990270797067,0.23732874956415917
25.302020202020206,51,30.18007202881151,0.6468603551058184,0.8990514763601857,0.25219112125436727
25.302020202020206,51,30.324129651860744,0.6377513067124595,0.9048883231762259,0.2671370164637664
25.302020202020206,51,30.46818727490995,0.6285436352827095,0.910708199281201,0.28216456399849144
25.302020202020206,51,30.612244897959158,0.6192378821687891,0.9165097168155398,0.2972718346467508
25.302020202020206,51,30.756302521008394,0.6098346275896079,0.9222914683714688,0.31245684078186087
25.302020202020206,51,30.9003601440576,0.6003344910842839,0.9280520270673538,0.32771753598306985
25.302020202020206,51,31.044417767106836,0.5907381319571041,0.9337899466318481,0.343051814674744
25.302020202020206,51,31.188475390156043,0.5810462497135445,0.9395037614979919,0.3584575117844474
25.302020202020206,51,31.33253301320528,0.571259584486834,0.9451919869075024,0.3739324024206684
25.302020202020206,51,31.476590636254485,0.5613789174547552,0.950853119025376,0.38947420157062074
25.302020202020206,51,31.62064825930372,0.5514050712461329,0.9564856350650428,0.4050805638189099
25.302020202020206,51,31.764705882352928,0.541338910336678,0.9620879934242047,0.4207490830875267
25.302020202020206,51,31.908763505402135,0.5311813414337283,0.9676586338315766,0.43647729239784827
25.302020202020206,51,32.05282112845137,0.5209333138494299,0.973195977504681,0.45226266365525114
25.302020202020206,51,32.19687875150058,0.5105958198619344,0.9786984273188761,0.46810260745694177
25.302020202020206,51,32.34093637454981,0.5001698950641735,0.9841643679878102,0.4839944729236366
25.302020202020206,51,32.48499399759902,0.489656618699748,0.9895921662554416,0.4999355475556935
25.302020202020206,51,32.629051620648255,0.47905711398552403,0.9949801710998261,0.5159230571143021
25.302020202020206,51,32.77310924369746,0.4683725484204341,1.000326713948811,0.5319541655283769
25.302020202020206,51,32.9171668667467,0.4576041340800623,1.0056301089078192,0.548025974827757
25.302020202020206,51,33.061224489795904,0.44675312789657967,1.010888652999872,0.5641355251032922
25.302020202020206,51,33.20528211284514,0.43582083192352244,1.0161006264180177,0.5802797944944953
25.302020202020206,51,33.34933973589435,0.42480859358504447,1.0212642927903126,0.5964556992052681
25.302020202020206,51,33.493397358943554,0.41371780590905005,1.0263778994575141,0.6126600935484641
25.302020202020206,51,33.63745498199279,0.40254990774389365,1.0314396777636257,0.628889770019732
25.302020202020206,51,33.781512605041996,0.39130638395811945,1.0364478433594444,0.645141459401325
25.302020202020206,51,33.92557022809123,0.37998876562279554,1.0414005965192514,0.6614118308964558
25.302020202020206,51,34.06962785114044,0.3685986301759779,1.046296122470761,0.6776974922947832
25.302020202020206,51,34.213685474189674,0.357137601568845,1.0511325917385421,0.6939949901696971
25.302020202020206,51,34.35774309723888,0.34560735039309987,1.055908160500857,0.710300810107757
25.302020202020206,51,34.50180072028812,0.33400959398912566,1.0606209709602834,0.7266113769711577
25.302020202020206,51,34.64585834333732,0.322346096534434,1.0652691517280377,0.7429230551936037
25.302020202020206,51,34.78991596638653,0.3106186691120636,1.0698508182222208,0.7592321491101572
25.302020202020206,51,34.933973589435766,0.29882916975834767,1.0743640730800461,0.7755349033216985
25.302020202020206,51,35.07803121248497,0.286979503489692,1.0788070065841726,0.7918275030944806
25.302020202020206,51,35.22208883553421,0.2750716223078797,1.0831776971032367,0.808106074795357
25.302020202020206,51,35.366146458583415,0.263107525183533,1.087474211546669,0.8243666863631359
25.302020202020206,51,35.51020408163265,0.25108925801718,1.0916946058338781,0.8406053478166982
25.302020202020206,51,35.65426170468186,0.2390189135776368,1.0958369253778926,0.8568180118002557
25.302020202020206,51,35.79831932773109,0.22689863141717037,1.0998992055835184,0.873000574166348
25.302020202020206,51,35.9423769507803,0.21473059776310627,1.1038794723600858,0.8891488745969796
25.302020202020206,51,36.08643457382951,0.20251704538536736,1.1077757426488395,0.9052586972634722
25.302020202020206,51,36.23049219687874,0.1902602534396907,1.1115860249650305,0.9213257715253398
25.302020202020206,51,36.37454981992795,0.17796254728593594,1.1153083199547398,0.9373457726688038
25.302020202020206,51,36.518607442977185,0.16562629828125053,1.1189406209664878,0.9533143226852373
25.302020202020206,51,36.66266506602639,0.15325392354759806,1.1224809146376404,0.9692269910900424
25.302020202020206,51,36.80672268907563,0.14084788571336632,1.1259271814956557,0.9850792957822894
25.302020202020206,51,36.950780312124834,0.12841069262859223,1.1292773965741514,1.0008667039455592
25.302020202020206,51,37.09483793517407,0.115944897053449,1.1325295300438325,1.0165846329903836
25.302020202020206,51,37.23889555822328,0.10345309631976891,1.1356815478582503,1.0322284515384814
25.302020202020206,51,37.382953181272484,0.09093793196508514,1.1387314124143904,1.0477934804493052
25.302020202020206,51,37.52701080432172,0.0784020893389815,1.141677083228067,1.0632749938890855
25.302020202020206,51,37.671068427370926,0.06584829718132576,1.1445165176240928,1.0786682204427671
25.302020202020206,51,37.81512605042016,0.0532793271722214,1.1472476714411846,1.0939683442689632
25.302020202020206,51,37.95918367346937,0.04069799345322144,1.1498684997515474,1.109170506298326
25.302020202020206,51,38.103241296518604,0.028107152119605655,1.152376957595097,1.1242698054754914
25.302020202020206,51,38.24729891956781,0.01550970068338771,1.1547710007282295,1.1392613000448417
25.302020202020206,51,38.391356542617046,0.0029085775068982294,1.1570485863870779,1.1541400088801796
25.302020202020206,51,38.53541416566625,-0.009693238793474045,1.159207674065147,1.168900912858621
25.302020202020206,51,38.67947178871546,-0.022292729973492468,1.1612462263052514,1.183538956278744
25.302020202020206,51,38.823529411764696,-0.03488683881748303,1.163162209505621,1.198049048323104
25.302020202020206,51,38.9675870348139,-0.0474724698251774,1.1649535947400735,1.212426064565251
25.302020202020206,51,39.11164465786314,-0.0600464899292014,1.1666183585921057,1.2266648485213072
25.302020202020206,51,39.255702280912345,-0.07260572924332531,1.1681544840027767,1.240760213246102
25.302020202020206,51,39.39975990396158,-0.0851469818416641,1.1695599611322125,1.2547069429738766
25.302020202020206,51,39.54381752701079,-0.09766700656901522,1.170832788234578,1.2684997948035932
25.302020202020206,51,39.68787515006002,-0.11016252788238723,1.1719709725463363,1.2821335004287235
25.302020202020206,51,39.83193277310923,-0.1226302367239178,1.1729725311876018,1.2956027679115196
25.302020202020206,51,39.97599039615844,-0.1350667914251568,1.1738354920763936,1.3089022835015505
25.302020202020206,51,40.12004801920767,-0.1474688186429733,1.1745578948555702,1.3220267134985435
25.302020202020206,51,40.26410564225688,-0.15983291432693034,1.1751377918322239,1.3349707061591543
25.302020202020206,51,40.408163265306115,-0.17215564471828587,1.1755732489292952,1.347728893647581
25.302020202020206,51,40.55222088835532,-0.18443354738065054,1.1758623466491647,1.3602958940298153
25.302020202020206,51,40.69627851140456,-0.19666313226226384,1.1760031810489477,1.3726663133112116
25.302020202020206,51,40.840336134453764,-0.20884088278984816,1.1759938647272323,1.3848347475170806
25.302020202020206,51,40.984393757503,-0.2209632569940125,1.1758325278219584,1.3967957848159709
25.302020202020206,51,41.12845138055221,-0.23302668866620274,1.1755173190191515,1.4085440076853541
25.302020202020206,51,41.27250900360144,-0.24502758854698153,1.1750464065721877,1.4200739951191692
25.302020202020206,51,41.41656662665065,-0.25696234554567887,1.174417979331272,1.4313803248769508
25.302020202020206,51,41.560624249699856,-0.26882732799116094,1.1736302477827845,1.4424575757739455
25.302020202020206,51,41.70468187274909,-0.2806188849136333,1.1726814450981462,1.4533003300117795
25.302020202020206,51,41.8487394957983,-0.29233334735727273,1.1715698281918425,1.4639031755491152
25.302020202020206,51,41.992797118847534,-0.30396702972351874,1.1702936787882137,1.4742607085117325
25.302020202020206,51,42.13685474189674,-0.3155162311447334,1.1688513044966446,1.4843675356413781
25.302020202020206,51,42.280912364945976,-0.3269772368880495,1.1672410398947166,1.494218276782766
25.302020202020206,51,42.42496998799518,-0.3383463197891515,1.1654612476189352,1.5038075674080866
25.302020202020206,51,42.56902761104442,-0.34961974171556875,1.1635103194625864,1.5131300611781553
25.302020202020206,51,42.713085234093626,-0.3607937550593112,1.161386677480269,1.5221804325395802
25.302020202020206,51,42.85714285714283,-0.3718646042583669,1.1590887750986727,1.5309533793570396
25.302020202020206,51,43.00120048019207,-0.38282852734682044,1.1566150982330994,1.5394436255799198
25.302020202020206,51,43.145258103241275,-0.393681757533044,1.1539641664092724,1.5476459239423164
25.302020202020206,51,43.28931572629051,-0.4044205248056617,1.151134533889909,1.5555550586955706
25.302020202020206,51,43.43337334933972,-0.41504105756676357,1.148124790805569,1.5631658483723325
25.302020202020206,51,43.57743097238895,-0.4255395842919117,1.144933564289243,1.5704731485811547
25.302020202020206,51,43.72148859543816,-0.4359123352164238,1.1415595196141564,1.5774718548305802
25.302020202020206,51,43.865546218487395,-0.44615554404746555,1.1380013613342144,1.58415690538168
25.302020202020206,51,44.0096038415366,-0.45626544970123956,1.134257834426562,1.5905232841278014
25.302020202020206,51,44.15366146458581,-0.4662382980648462,1.1303277254356565,1.5965660235005026
25.302020202020206,51,44.297719087635045,-0.47607034378213303,1.1262098636182734,1.6022802074004063
25.302020202020206,51,44.44177671068425,-0.4857578520628396,1.121903122088862,1.6076609741517016
25.302020202020206,51,44.58583433373349,-0.49529710051449405,1.1174064189645996,1.6127035194790937
25.302020202020206,51,44.729891956782694,-0.5046843809962425,1.1127187185095753,1.6174030995058177
25.302020202020206,51,44.87394957983193,-0.5139160014939405,1.1078390322774159,1.6217550337713562
25.302020202020206,51,45.01800720288114,-0.5229882880157817,1.1027664202517449,1.6257547082675265
25.302020202020206,51,45.16206482593037,-0.5318975865075966,1.0974999919837825,1.629397578491379
25.302020202020206,51,45.30612244897958,-0.5406402647871297,1.092038907726461,1.6326791725135905
25.302020202020206,51,45.450180072028786,-0.5492127144963607,1.0863823795643135,1.6355950940606743
25.302020202020206,51,45.59423769507802,-0.5576113530710547,1.080529672538506,1.6381410256095608
25.302020202020206,51,45.73829531812723,-0.5658326257266263,1.0744801057662687,1.640312731492895
25.302020202020206,51,45.882352941176464,-0.573873007459484,1.068233053554025,1.642106061013509
25.302020202020206,51,46.02641056422567,-0.5817290050627224,1.0617879465035063,1.6435169515662287
25.302020202020206,51,46.170468187274906,-0.5893971591554741,1.055144272610093,1.644541431765567
25.302020202020206,51,46.31452581032411,-0.5968740462246107,1.0483015783526797,1.6451756245772904
25.302020202020206,51,46.45858343337335,-0.604156280678022,1.0412594697742683,1.6454157504522904
25.302020202020206,51,46.602641056422556,-0.6112405169082806,1.034017613552545,1.6452581304608256
25.302020202020206,51,46.74669867947176,-0.6181234513656803,1.0265757380597214,1.6446991894254017
25.302020202020206,51,46.890756302521,-0.6248018246395367,1.01893363441076,1.6437354590502968
25.302020202020206,51,47.034813925570205,-0.6312724235465446,1.0110911574993038,1.6423635810458483
25.302020202020206,51,47.17887154861944,-0.6375320832252039,1.0030482270204357,1.6405803102456398
25.302020202020206,51,47.32292917166865,-0.6435776892349989,0.9948048284795423,1.6383825177145412
25.302020202020206,51,47.46698679471788,-0.649406179659173,0.9863610141864052,1.6357671938455782
25.302020202020206,51,47.61104441776709,-0.6550145472098888,0.9777169042337719,1.6327314514436608
25.302020202020206,51,47.755102040816325,-0.6603998413345483,0.9688726874595353,1.6292725287940835
25.302020202020206,51,47.89915966386553,-0.6655591703218869,0.9598286223917479,1.6253877927136349
25.302020202020206,51,48.04321728691474,-0.6704897034067581,0.9505850381755955,1.6210747415823534
25.302020202020206,51,48.187274909963975,-0.6751886728720945,0.9411423354815421,1.6163310083536366
25.302020202020206,51,48.33133253301318,-0.6796533761468145,0.9315009873937882,1.6111543635406027
25.302020202020206,51,48.47539015606242,-0.6838811778983136,0.9216615402781946,1.6055427181765083
25.302020202020206,51,48.619447779111624,-0.6878695121181441,0.9116246146288685,1.5994941267470124
25.302020202020206,51,48.76350540216086,-0.6916158841995497,0.9013909058925129,1.5930067900920626
25.302020202020206,51,48.90756302521007,-0.6951178730053071,0.8909611852697641,1.5860790582750712
25.302020202020206,51,49.0516206482593,-0.6983731329246174,0.880336300492588,1.5787094334172056
25.302020202020206,51,49.19567827130851,-0.7013793959175171,0.8695171765769796,1.5708965724944965
25.302020202020206,51,49.339735894357716,-0.70413447354532,0.8585048165500329,1.562639290095353
25.302020202020206,51,49.48379351740695,-0.7066362589856822,0.8473003021505996,1.5539365611362816
25.302020202020206,51,49.62785114045616,-0.7088827290307831,0.8359047945026697,1.544787523533453
25.302020202020206,51,49.771908763505394,-0.7108719460670669,0.8243195347606074,1.5351914808276743
25.302020202020206,51,49.9159663865546,-0.7126020600351383,0.8125458447254538,1.525147904760592
25.302020202020206,51,50.060024009603836,-0.7140713103681472,0.8005851274314025,1.5146564377995497
25.302020202020206,51,50.20408163265304,-0.7152780279072581,0.7884388677016708,1.503716895608929
25.302020202020206,51,50.34813925570228,-0.7162206367925505,0.7761086326728792,1.4923292694654298
25.302020202020206,51,50.492196878751486,-0.7168976563278925,0.7635960722871805,1.480493728615073
25.302020202020206,51,50.63625450180072,-0.7173077028181345,0.7509029197512495,1.468210622569384
25.302020202020206,51,50.78031212484993,-0.7174494913771529,0.7380309919613969,1.4554804833385497
25.302020202020206,51,50.924369747899135,-0.7173218377050474,0.724982189893934,1.4423040275989814
25.302020202020206,51,51.06842737094837,-0.7169236598330389,0.7117584989600366,1.4286821587930754
25.302020202020206,51,51.21248499399758,-0.7162539798344071,0.698361989324323,1.4146159691587301
25.302020202020206,51,51.35654261704681,-0.7153119254999023,0.6847948161863127,1.400106741686215
25.302020202020206,51,51.50060024009602,-0.7140967319760505,0.6710592200240882,1.3851559520001389
25.302020202020206,51,51.644657863145255,-0.712607743364831,0.657157526799297,1.369765270164128
25.302020202020206,51,51.78871548619446,-0.7108444142829898,0.6430921481228565,1.3539365624058464
25.302020202020206,51,51.9327731092437,-0.7088063113796148,0.6288655813805238,1.3376718927601385
25.302020202020206,51,52.076830732292905,-0.706493114810208,0.6144804098177039,1.320973524627912
25.302020202020206,51,52.22088835534211,-0.7039046196658181,0.5999393025827043,1.3038439222485225
25.302020202020206,51,52.36494597839135,-0.7010407373555972,0.5852450147278145,1.286285752083412
25.302020202020206,51,52.509003601440554,-0.6979014969413159,0.5704003871674951,1.268301884108811
25.302020202020206,51,52.65306122448979,-0.694487046422197,0.5554083465930013,1.2498953930151984
25.302020202020206,51,52.797118847539,-0.6907976539685126,0.5402719053428565,1.231069559311369
25.302020202020206,51,52.94117647058823,-0.6868337091026515,0.5249941612284623,1.2118278703311138
25.302020202020206,51,53.08523409363744,-0.6825957238257795,0.5095782973143324,1.192174021140112
25.302020202020206,51,53.229291716686674,-0.6780843336890143,0.4940275816522604,1.1721119153412747
25.302020202020206,51,53.37334933973588,-0.6733002988072818,0.4783453669689518,1.1516456657762335
25.302020202020206,51,53.51740696278509,-0.6682445048145891,0.4625350903064714,1.1307795951210604
25.302020202020206,51,53.661464585834324,-0.6629179637593073,0.4466002726150631,1.1095182363743703
25.302020202020206,51,53.80552220888353,-0.6573218149378804,0.4305445182977902,1.0878663332356706
25.302020202020206,51,53.949579831932766,-0.6514573256657212,0.41437151470649874,1.06582884037222
25.302020202020206,51,54.09363745498197,-0.6453258919838417,0.3980850315887035,1.0434109235725453
25.302020202020206,51,54.23769507803121,-0.6389290392999456,0.3816889204848805,1.0206179597848262
25.302020202020206,51,54.381752701080416,-0.6322684229625352,0.3651871140758406,0.9974555370383758
25.302020202020206,51,54.52581032412965,-0.6253458287668797,0.3485836254797095,0.9739294542465893
25.302020202020206,51,54.66986794717886,-0.6181631733915324,0.33188254749824714,0.9500457208897795
25.302020202020206,51,54.813925570228065,-0.6107225047641196,0.31508805181208194,0.9258105565762016
25.302020202020206,51,54.9579831932773,-0.6030260023552618,0.2982043881246316,0.9012303904798935
25.302020202020206,51,55.10204081632651,-0.595075977399499,0.2812358832544047,0.8763118606539038
25.302020202020206,51,55.24609843937574,-0.5868748730419517,0.264186940175403,0.8510618132173547
25.302020202020206,51,55.39015606242495,-0.5784252644097555,0.2470620370054882,0.8254873014152437
25.302020202020206,51,55.534213685474185,-0.5697298586072042,0.22986572594242433,0.7995955845496285
25.302020202020206,51,55.67827130852339,-0.5607914946335043,0.21260263214755357,0.7733941267810579
25.302020202020206,51,55.82232893157263,-0.5516131432222474,0.19527745257685575,0.7468905957991032
25.302020202020206,51,55.966386554621835,-0.5421979066016688,0.17789495475943756,0.7200928613611064
25.302020202020206,51,56.11044417767104,-0.5325490181747218,0.16045997552325175,0.6930089936979735
25.302020202020206,51,56.25450180072028,-0.5226698421182445,0.1429774196681429,0.6656472617863874
25.302020202020206,51,56.398559423769484,-0.5125638729003474,0.12545225858616293,0.6380161314865104
25.302020202020206,51,56.54261704681872,-0.5022347347152852,0.10788952882918848,0.6101242635444737
25.302020202020206,51,56.68667466986793,-0.49168618083512156,0.09029433062398996,0.5819805114591116
25.302020202020206,51,56.83073229291716,-0.4809220928775804,0.07267182633476905,0.5535939192123495
25.302020202020206,51,56.97478991596637,-0.46994647998940225,0.05502723887341745,0.5249737188628197
25.302020202020206,51,57.118847539015604,-0.4587634779447513,0.03736585005758248,0.4961293280023338
25.302020202020206,51,57.26290516206481,-0.44737734815812336,0.019692998916863207,0.46707034707498657
25.302020202020206,51,57.40696278511402,-0.435792476611382,0.002014079947301214,0.4378065565586832
25.302020202020206,51,57.551020408163254,-0.42401337269445605,-0.015665458685453208,0.40834791400900283
25.302020202020206,51,57.69507803121246,-0.41204466795950495,-0.03334011699400483,0.3787045509655001
25.302020202020206,51,57.839135654261696,-0.399891114788164,-0.051004345067736476,0.34888676972042754
25.302020202020206,51,57.9831932773109,-0.38755758497176623,-0.06865254502154183,0.3189050399502244
25.302020202020206,51,58.12725090036014,-0.375049068204377,-0.08627907299435646,0.28876999521002056
25.302020202020206,51,58.271308523409346,-0.3623706704885089,-0.10387824119694973,0.2584924292915592
25.302020202020206,51,58.41536614645858,-0.3495276124536081,-0.12144432000849138,0.22808329244511671
25.302020202020206,51,60.43217286914765,-0.15561506759418836,-0.36060612690331556,0.2049910593091272
25.302020202020206,51,60.576230492196856,-0.14100037322644782,-0.3769668218505069,0.23596644862405908
25.302020202020206,51,60.72028811524609,-0.12631843076855442,-0.39319895367352325,0.26688052290496883
25.302020202020206,51,60.8643457382953,-0.11157606892888756,-0.4092964462246021,0.29772037729571454
25.302020202020206,51,61.008403361344534,-0.09678018623118688,-0.42525322674994626,0.32847304051875936
25.302020202020206,51,61.15246098439374,-0.0819377477611792,-0.4410632287576416,0.3591254809964624
25.302020202020206,51,61.29651860744298,-0.06705578183989894,-0.4567203949152807,0.3896646130753818
25.302020202020206,51,61.440576230492184,-0.05214137662517605,-0.47221867997579925,0.4200773033506232
25.302020202020206,51,61.58463385354139,-0.037201676642815575,-0.4875520537302417,0.4503503770874261
25.302020202020206,51,61.728691476590626,-0.022243879248973097,-0.5027145039859164,0.48047062473694335
25.302020202020206,51,61.87274909963983,-0.007275231025510909,-0.5177000395685004,0.5104248085429895
25.302020202020206,51,62.01680672268907,0.007696975890046911,-0.5325026933466216,0.5401996692366685
25.302020202020206,51,62.160864345738275,0.022665407538139688,-0.547116525277269,0.5697819328154087
25.302020202020206,51,62.30492196878751,0.037622691932478296,-0.5615356254705758,0.599158317403054
25.302020202020206,51,62.44897959183672,0.05256142291512748,-0.5757541172722299,0.6283155401873574
25.302020202020206,51,62.59303721488595,0.06747416406938253,-0.5897661603619896,0.6572403244313721
25.302020202020206,51,62.73709483793516,0.0823534526883395,-0.6035659538665079,0.6859194065548474
25.302020202020206,51,62.88115246098437,0.09719180379703947,-0.61714773948486,0.7143395432818995
25.302020202020206,51,63.0252100840336,0.11198171422600692,-0.630505804624948,0.7424875188509549
25.302020202020206,51,63.16926770708281,0.1267156667339089,-0.6436344855490629,0.7703501522829718
25.302020202020206,51,63.313325330132045,0.14138613417697615,-0.6565281705268058,0.797914304703782
25.302020202020206,51,63.45738295318125,0.15598558372287802,-0.6691813029934923,0.8251668867163704
25.302020202020206,51,63.60144057623049,0.17050648110655756,-0.6815883847122807,0.8520948658188382
25.302020202020206,51,63.745498199279695,0.18494129492547046,-0.6937439789380272,0.8786852738634976
25.302020202020206,51,63.88955582232893,0.19928250097181394,-0.7056427135810986,0.9049252145529125
25.302020202020206,51,64.03361344537814,0.2135225865989473,-0.7172792843690922,0.9308018709680395
25.302020202020206,51,64.17767106842734,0.22765405511945158,-0.7286484580046239,0.9563025131240754
25.302020202020206,51,64.32172869147658,0.24166943023206347,-0.7397450753171427,0.9814145055492062
25.302020202020206,51,64.46578631452579,0.25556126047470856,-0.75056405440682,1.0061253148815286
25.302020202020206,51,64.60984393757502,0.2693221237007795,-0.7611003937785112,1.0304225174792907
25.302020202020206,51,64.75390156062423,0.2829446315758061,-0.7713491754637478,1.054293807039554
25.302020202020206,51,64.89795918367346,0.29642143409160465,-0.7813055681287453,1.07772700222035
25.302020202020206,51,65.04201680672267,0.3097452240948973,-0.790964830166353,1.1007100542612502
25.302020202020206,51,65.1860744297719,0.3229087418274241,-0.8003223127699081,1.123231054597332
25.302020202020206,51,65.33013205282111,0.33590477947446634,-0.8093734629868832,1.1452782424613495
25.302020202020206,51,65.47418967587032,0.3487261857187119,-0.8181138267502783,1.1668400124689902
25.302020202020206,51,65.61824729891956,0.3613658702963378,-0.8265390518856367,1.1879049221819744
25.302020202020206,51,65.76230492196876,0.37381680855211613,-0.8346448910915768,1.208461699643693
25.302020202020206,51,65.906362545018,0.38607204599037587,-0.8424272048917701,1.228499250882146
25.302020202020206,51,66.0504201680672,0.3981247028186126,-0.8498819645562004,1.248006667374813
25.302020202020206,51,66.19447779111644,0.4099679784804106,-0.8570052549896302,1.2669732334700408
25.302020202020206,51,66.33853541416565,0.4215951561745195,-0.8637932775851354,1.2853884337596548
25.302020202020206,51,66.48259303721488,0.4329996073566731,-0.8702423530406014,1.3032419603972745
25.302020202020206,51,66.62665066026409,0.4441747962209541,-0.8763489241360581,1.3205237203570124
25.302020202020206,51,66.7707082833133,0.4551142841572065,-0.8821095584697555,1.337223842626962
25.302020202020206,51,66.91476590636253,0.46581173418128013,-0.8875209511508626,1.3533326853321428
25.302020202020206,51,67.05882352941174,0.4762609153347121,-0.8925799274466851,1.3688408427813972
25.302020202020206,51,67.20288115246098,0.48645570705041896,-0.8972834453823445,1.3837391524327636
25.302020202020206,51,67.34693877551018,0.4963901034810429,-0.9016285982907877,1.3980187017718306
25.302020202020206,51,67.49099639855942,0.5060582177866114,-0.9056126173111074,1.411670835097719
25.302020202020206,51,67.63505402160862,0.5154542863780344,-0.9092328738330814,1.4246871602111157
25.302020202020206,51,67.77911164465786,0.5245726731131746,-0.9124868818859199,1.4370595549990943
25.302020202020206,51,67.92316926770707,0.5334078734419866,-0.9153723004691704,1.448780173911157
25.302020202020206,51,68.0672268907563,0.5419545184973881,-0.917886935823809,1.459841454321197
25.302020202020206,51,68.21128451380551,0.5502073791285769,-0.920028743641493,1.47023612277007
25.302020202020206,51,68.35534213685472,0.5581613698733038,-0.9217958312100616,1.4799572010833653
25.302020202020206,51,68.49939975990395,0.5658115528659085,-0.9231864594933008,1.4889980123592093
25.302020202020206,51,68.64345738295316,0.5731531416776571,-0.9241990451430901,1.497352186820747
25.302020202020206,51,68.7875150060024,0.5801815050862366,-0.9248321624420416,1.5050136675282781
25.302020202020206,51,68.9315726290516,0.5868921707710081,-0.9250845451747595,1.5119767159457675
25.302020202020206,51,69.07563025210084,0.5932808289308292,-0.9249550884259162,1.5182359173567455
25.302020202020206,51,69.21968787515004,0.5993433358212716,-0.9244428503033376,1.5237861861246094
25.302020202020206,51,69.36374549819928,0.6050757172079482,-0.9235470535843416,1.52862277079229
25.302020202020206,51,69.50780312124849,0.6104741717329363,-0.922267087283614,1.5327412590165501
25.302020202020206,51,69.6518607442977,0.6155350741911196,-0.9206025081409219,1.5361375823320416
25.302020202020206,51,69.79591836734693,0.6202549787133529,-0.9185530420270342,1.5388080207403871
25.302020202020206,51,69.93997599039614,0.6246306218535466,-0.9161185852662297,1.5407492071197764
25.302020202020206,51,70.08403361344537,0.6286589255766096,-0.9132992058738368,1.5419581314504465
25.302020202020206,51,70.22809123649458,0.6323370001443975,-0.9100951447072856,1.5424321448516831
25.302020202020206,51,70.37214885954381,0.6356621468967161,-0.9065068165291884,1.5421689634259046
25.302020202020206,51,70.51620648259302,0.6386318609247359,-0.9025348109810422,1.5411666719057782
25.302020202020206,51,70.66026410564226,0.6412438336339359,-0.8981798934661418,1.5394237271000777
25.302020202020206,51,70.80432172869146,0.6434959551939072,-0.8934430059404217,1.536938961134329
25.302020202020206,51,70.94837935174067,0.6453863168725078,-0.888325267609894,1.5337115844824019
25.302020202020206,51,71.0924369747899,0.6469132132517247,-0.8828279755335154,1.5297411887852401
25.302020202020206,51,71.23649459783911,0.6480751443228241,-0.876952605130271,1.525027749453095
25.302020202020206,51,71.38055222088835,0.648870817458328,-0.8707008105893844,1.5195716280477125
25.302020202020206,51,71.52460984393755,0.649299149258619,-0.8640744251825938,1.513373574441213
25.302020202020206,51,71.66866746698679,0.6493592672707745,-0.8570754614774928,1.5064347287482673
25.302020202020206,51,71.812725090036,0.6490505115775961,-0.8497061114510076,1.4987566230286036
25.302020202020206,51,71.95678271308523,0.6483724362546729,-0.8419687465021243,1.4903411827567972
25.302020202020206,51,72.10084033613444,0.6473248106936061,-0.8338659173630627,1.481190728056669
25.302020202020206,51,72.24489795918365,0.6459076207893599,-0.8254003539081396,1.4713079746974995
25.302020202020206,51,72.38895558223288,0.6441210699900042,-0.8165749648596372,1.4606960348496414
25.302020202020206,51,72.53301320528209,0.6419655802071446,-0.8073928373900761,1.4493584175972205
25.302020202020206,51,72.67707082833132,0.6394417925853958,-0.7978572366202936,1.4372990292056893
25.302020202020206,51,72.82112845138053,0.636550568129381,-0.78797160501291,1.424522173142291
25.302020202020206,51,72.96518607442977,0.6332929881869157,-0.7777395616607015,1.4110325498476173
25.302020202020206,51,73.10924369747897,0.6296703547868907,-0.7671649014695846,1.3968352562564754
25.302020202020206,51,73.25330132052821,0.6256841908308425,-0.7562515942359019,1.3819357850667444
25.302020202020206,51,73.39735894357742,0.6213362401369974,-0.7450037836178325,1.3663400237548298
25.302020202020206,51,73.54141656662662,0.6166284673357846,-0.7334257860007722,1.3500542533365567
25.302020202020206,51,73.68547418967586,0.6115630576160046,-0.7215220892566392,1.333085146872644
25.302020202020206,51,73.82953181272507,0.6061424163208508,-0.7092973513971308,1.3154397677179817
25.302020202020206,51,73.9735894357743,0.6003691683930144,-0.6967563991209723,1.2971255675139868
25.302020202020206,51,74.11764705882351,0.5942461576685782,-0.6839042262554036,1.2781503839239818
25.302020202020206,51,74.26170468187274,0.5877764460189732,-0.6707459920920391,1.2585224381110123
25.302020202020206,51,74.40576230492195,0.5809633123409143,-0.6572870196175271,1.2382503319584415
25.302020202020206,51,74.54981992797119,0.57381025139399,-0.643532793639289,1.217343045033279
25.302020202020206,51,74.69387755102039,0.5663209724859046,-0.6294889588069059,1.1958099312928105
25.302020202020206,51,74.8379351740696,0.5584993980053433,-0.6151613175296037,1.173660715534947
25.302020202020206,51,74.98199279711883,0.5503496618027104,-0.6005558277905284,1.1509054895932387
25.302020202020206,51,75.12605042016804,0.5418761074189231,-0.5856786008584789,1.127554708277402
25.302020202020206,51,75.27010804321728,0.5330832861627914,-0.5705358988978361,1.1036191850606274
25.302020202020206,51,75.41416566626648,0.523975955037393,-0.5551341324776249,1.079110087515018
25.302020202020206,51,75.55822328931572,0.5145590745161852,-0.5394798579805161,1.0540389324967014
25.302020202020206,51,75.70228091236493,0.5048378061696027,-0.5235797749129061,1.028417581082509
25.302020202020206,51,75.84633853541416,0.4948175101430055,-0.5074407231170083,1.0022582332600138
25.302020202020206,51,75.99039615846337,0.4845037424870526,-0.49106967988625677,0.9755734223733094
25.302020202020206,51,76.1344537815126,0.4739022523416313,-0.47447375698511046,0.9483760093267417
25.302020202020206,51,76.27851140456181,0.4630189789746089,-0.4576601975746983,0.9206791765493072
25.302020202020206,51,76.42256902761102,0.4518600486767666,-0.4406363730455584,0.892496421722325
25.302020202020206,51,76.56662665066023,0.4404317715145504,-0.42340977975903304,0.8638415512735834
25.302020202020206,51,76.71068427370949,0.4287406379420655,-0.40598803569876646,0.8347286736408319
25.302020202020206,51,76.8547418967587,0.4167933152743066,-0.3883788770339853,0.805172192308292
25.302020202020206,51,76.9987995198079,0.40459664402335127,-0.37059015459611266,0.7751867986194639
25.302020202020206,51,77.14285714285711,0.39215763409956905,-0.35262983027060707,0.7447874643701762
25.302020202020206,51,77.28691476590637,0.37948346087993307,-0.33450597330573195,0.713989434185665
25.302020202020206,51,77.43097238895558,0.36658146114575285,-0.3162267565402071,0.68280821768596
25.302020202020206,51,77.57503001200479,0.35345912889205916,-0.2978004525515984,0.6512595814436576
25.302020202020206,51,77.719087635054,0.34012411101121887,-0.27923542972759835,0.6193595407388173
25.302020202020206,51,77.8631452581032,0.3265842028532389,-0.2605401482621881,0.5871243511154269
25.302020202020206,51,78.00720288115247,0.31284734366563727,-0.24172315607883602,0.5545704997444733
25.302020202020206,51,78.15126050420167,0.2989216119154692,-0.2227930846830321,0.5217146965985013
25.302020202020206,51,78.29531812725088,0.28481522049661007,-0.20375864494627555,0.4885738654428856
25.302020202020206,51,78.43937575030009,0.2705365118251752,-0.18462862282404371,0.4551651346492189
25.302020202020206,51,78.58343337334935,0.2560939528262575,-0.16541187500998422,0.42150582783624174
25.302020202020206,51,78.72749099639856,0.24149612981523141,-0.1461173245289045,0.3876134543441359
25.302020202020206,51,78.87154861944776,0.22675174327691044,-0.12675395627093605,0.3535056995478465
25.302020202020206,51,79.01560624249697,0.21186960254598305,-0.10733081246959958,0.3192004150155826
25.302020202020206,51,79.15966386554618,0.1968586203923034,-0.08785698812625986,0.28471560851856326
25.302020202020206,51,79.30372148859544,0.18172780751453912,-0.06834162638370889,0.250069433898248
25.302020202020206,51,79.44777911164465,0.16648626694601357,-0.048793913851618936,0.2152801807976325
25.302020202020206,51,81.1764705882353,-0.021634837523789925,0.18491966454326056,0.20655450206705048
25.302020202020206,51,81.32052821128451,-0.03745610200041582,0.20404093142864985,0.24149703342906567
25.302020202020206,51,81.46458583433372,-0.05325426448357812,0.22306408042472844,0.27631834490830653
25.302020202020206,51,81.60864345738293,-0.06901955570553536,0.24197985778861492,0.3109994134941503
25.302020202020206,51,81.75270108043213,-0.08474221219525017,0.260779045270806,0.34552125746605616
25.302020202020206,51,81.8967587034814,-0.10041248272689011,0.27945246515355127,0.3798649478804414
25.302020202020206,51,82.0408163265306,-0.1160206347776201,0.2979909852821789,0.41401162005979897
25.302020202020206,51,82.18487394957981,-0.13155696098991304,0.3163855240861953,0.44794248507610834
25.302020202020206,51,82.32893157262902,-0.1470117856335553,0.3346270555867589,0.4816388412203142
25.302020202020206,51,82.47298919567828,-0.16237547106250289,0.35270661438734885,0.5150820854498517
25.302020202020206,51,82.61704681872749,-0.17763842416168132,0.37061530064429915,0.5482537248059804
25.302020202020206,51,82.7611044417767,-0.1927911027789719,0.3883442850139845,0.5811353877929564
25.302020202020206,51,82.9051620648259,-0.20782402213745418,0.4058848135733118,0.613708835710766
25.302020202020206,51,83.04921968787511,-0.22272776122301147,0.42322821271029676,0.6459559739333083
25.302020202020206,51,83.19327731092437,-0.23749296914256032,0.44036589398149634,0.6778588631240566
25.302020202020206,51,83.33733493397358,-0.2521103714478863,0.4572893589329759,0.7093997303808621
25.302020202020206,51,83.48139255702279,-0.2665707764204102,0.47399020388172536,0.7405609803021356
25.302020202020206,51,83.625450180072,-0.2808650813119762,0.49046012465415634,0.7713252059661325
25.302020202020206,51,83.76950780312126,-0.29498427853686504,0.5066909212786126,0.8016751998154776
25.302020202020206,51,83.91356542617046,-0.3089194618102788,0.5226745026286599,0.8315939644389387
25.302020202020206,51,84.05762304921967,-0.32266183222859063,0.5384028910140993,0.86106472324269
25.302020202020206,51,84.20168067226888,-0.33620270428656535,0.5538682267164861,0.8900709310030515
25.302020202020206,51,84.34573829531809,-0.3495335118269607,0.5690627724661462,0.9185962842931069
25.302020202020206,51,84.48979591836735,-0.36264581391783696,0.5839789178576449,0.9466247317754819
25.302020202020206,51,84.63385354141656,-0.37553130065303353,0.5986091837006235,0.9741404843536571
25.302020202020206,51,84.77791116446576,-0.3881817988712204,0.6129462263031609,1.0011280251743813
25.302020202020206,51,84.92196878751497,-0.40058927778913983,0.6269828416845671,1.0275721194737069
25.302020202020206,51,85.06602641056423,-0.41274585454450713,0.6407119697148488,1.053457824259356
25.302020202020206,51,85.21008403361344,-0.42464379964434973,0.6541266981779001,1.0787704978222499
25.302020202020206,51,85.35414165666265,-0.43627554231437327,0.6672202667557279,1.1034958090701013
25.302020202020206,51,85.49819927971186,-0.4476336757452355,0.679986070930835,1.1276197466760705
25.302020202020206,51,85.64225690276106,-0.4587109622315262,0.6924176658041656,1.1511286280356918
25.302020202020206,51,85.78631452581033,-0.4695003381994166,0.7045087698259176,1.1740091080253343
25.302020202020206,51,85.93037214885953,-0.4799949191190092,0.716253268436622,1.1962481875556312
25.302020202020206,51,86.07442977190874,-0.4901880042974475,0.7276452176160323,1.2178332219134798
25.302020202020206,51,86.21848739495795,-0.500073081549049,0.7386788473372559,1.238751928886305
25.302020202020206,51,86.36254501800721,-0.5096438317386717,0.7493485649237887,1.2589923966624603
25.302020202020206,51,86.50660264105642,-0.5188941331947593,0.7596489583070694,1.2785430915018288
25.302020202020206,51,86.65066026410562,-0.5278180659885019,0.7695747991823346,1.2973928651708366
25.302020202020206,51,86.79471788715483,-0.5364099160757605,0.7791210460604832,1.3155309621362437
25.302020202020206,51,86.93877551020404,-0.5446641792983462,0.788282847213885,1.3329470265122312
25.302020202020206,51,87.0828331332533,-0.5525755652415825,0.7970555435140235,1.3496311087556059
25.302020202020206,51,87.22689075630251,-0.5601390009448963,0.8054346711589956,1.365573672103892
25.302020202020206,51,87.37094837935172,-0.5673496344626912,0.8134159642889665,1.3807655987516576
25.302020202020206,51,87.51500600240092,-0.5742028382723567,0.8209953574877022,1.395198195760059
25.302020202020206,51,87.65906362545019,-0.580694212526972,0.8281689881684506,1.4088632006954227
25.302020202020206,51,87.8031212484994,-0.5868195881499131,0.8349331988424606,1.4217527869923736
25.302020202020206,51,87.9471788715486,-0.5925750297688684,0.8412845392685836,1.433859569037452
25.302020202020206,51,88.09123649459781,-0.597956838486988,0.8472197684823838,1.4451766069693717
25.302020202020206,51,88.23529411764702,-0.6029615544889144,0.8527358567033584,1.455697411192273
25.302020202020206,51,88.37935174069628,-0.6075859594795421,0.8578299871189138,1.4654159465984558
25.302020202020206,51,88.52340936374549,-0.6118270789535671,0.8624995575438198,1.4743266364973868
25.302020202020206,51,88.6674669867947,-0.6156821842940629,0.8667421819539995,1.4824243662480625
25.302020202020206,51,88.8115246098439,-0.619148794698251,0.8705556918935248,1.489704486591776
25.302020202020206,51,88.95558223289316,-0.6222246789290276,0.8739381377538532,1.4961628166828809
25.302020202020206,51,89.09963985594237,-0.624907856890786,0.8768877899243837,1.5017956468151696
25.302020202020206,51,89.24369747899158,-0.6271966010282496,0.8794031398135254,1.506599740841775
25.302020202020206,51,89.38775510204079,-0.6290894375472449,0.8814829007395402,1.510572338286785
25.302020202020206,51,89.53181272509005,-0.6305851474563232,0.8831260086905376,1.5137111561468608
25.302020202020206,51,89.67587034813926,-0.6316827674284782,0.884331622953078,1.5160143903815562
25.302020202020206,51,89.81992797118846,-0.6323815904822256,0.8850991266089426,1.5174807170911682
25.302020202020206,51,89.96398559423767,-0.6326811664815281,0.885428126899707,1.518109293381235
25.302020202020206,51,90.10804321728688,-0.6325813024540827,0.8853184554588684,1.5178997579129512
25.302020202020206,51,90.25210084033614,-0.6320820627277702,0.8847701684113588,1.516852231139129
25.302020202020206,51,90.39615846338535,-0.6311837688852071,0.8837835463403724,1.5149673152255794
25.302020202020206,51,90.54021608643455,-0.6298869995362912,0.8823590941215297,1.5122460936578208
25.302020202020206,51,90.68427370948376,-0.6281925899090963,0.8804975406245009,1.5086901305335974
25.302020202020206,51,90.82833133253303,-0.6261016312592722,0.8781998382822948,1.5043014695415668
25.302020202020206,51,90.97238895558223,-0.623615470098627,0.8754671625285269,1.4990826326271538
25.302020202020206,51,91.11644657863144,-0.6207357072432927,0.8723009111030525,1.4930366183463453
25.302020202020206,51,91.26050420168065,-0.6174641966824633,0.8687027032264772,1.4861668999089406
25.302020202020206,51,91.40456182472985,-0.613803044268449,0.8646743786441173,1.4784774229125663
25.302020202020206,51,91.54861944777912,-0.6097546062291667,0.8602179965400882,1.4699726027692548
25.302020202020206,51,91.69267707082832,-0.6053214875043483,0.8553358343223096,1.460657321826658
25.302020202020206,51,91.83673469387753,-0.6005065399066644,0.8500303862792553,1.4505369261859196
25.302020202020206,51,91.98079231692674,-0.5953128601093566,0.8443043621094413,1.4396172222187977
25.302020202020206,51,92.124849939976,-0.5897437874619856,0.8381606853246552,1.4279044727866408
25.302020202020206,51,92.26890756302521,-0.5838029016359998,0.8316024915281041,1.4154053931641037
25.302020202020206,51,92.41296518607442,-0.5774940201020959,0.8246331265686313,1.4021271466707272
25.302020202020206,51,92.55702280912362,-0.5708211954413935,0.8172561445723896,1.3880773400137831
25.302020202020206,51,92.70108043217283,-0.563788712492513,0.8094753058532975,1.3732640183458105
25.302020202020206,51,92.8451380552221,-0.5564010853369666,0.8012945747037853,1.357695660040752
25.302020202020206,51,92.9891956782713,-0.5486630541252223,0.7927181170674003,1.3413811711926225
25.302020202020206,51,93.13325330132051,-0.5405795817459768,0.7837502980948586,1.3243298798408354
25.302020202020206,51,93.27731092436971,-0.5321558503413848,0.7743956795853485,1.3065515299267334
25.302020202020206,51,93.42136854741898,-0.5233972576709773,0.7646590173148069,1.2880562749857842
25.302020202020206,51,93.56542617046819,-0.5143094133271446,0.7545452582531219,1.2688546715802667
25.302020202020206,51,93.70948379351739,-0.5048981348054126,0.7440595376721265,1.248957672477539
25.302020202020206,51,93.8535414165666,-0.4951694434323445,0.7332071761465165,1.228376619578861
25.302020202020206,51,93.9975990396158,-0.4851295601546391,0.7219936764497116,1.2071232366043507
25.302020202020206,51,94.14165666266507,-0.47478490119257505,0.7104247203468728,1.1852096215394479
25.302020202020206,51,94.28571428571428,-0.4641420735613432,0.6985061652873362,1.1626482388486794
25.302020202020206,51,94.42977190876348,-0.4532078704638584,0.6862440409986992,1.1394519114625576
25.302020202020206,51,94.57382953181269,-0.4419892665586753,0.673644545985024,1.1156338125436993
25.302020202020206,51,94.71788715486196,-0.4304934131067484,0.6607140439315426,1.091207457038291
25.302020202020206,51,94.86194477791116,-0.41872763300097426,0.6474590600183979,1.0661866930193722
25.302020202020206,51,95.00600240096037,-0.40669941568233425,0.6338862771459187,1.040585692828253
25.302020202020206,51,95.15006002400958,-0.39441641194678195,0.620002532074128,1.01441894402091
25.302020202020206,51,95.29411764705878,-0.381886428646927,0.605814811479099,0.987701240126026
25.302020202020206,51,95.43817527010805,-0.36911742329257546,0.5913302479289044,0.9604476712214799
25.302020202020206,51,95.58223289315725,-0.3561174985546362,0.576556115781949,0.9326736143365852
25.302020202020206,51,95.72629051620646,-0.3428948966764778,0.5614998270104399,0.9043947236869176
25.302020202020206,51,95.87034813925567,-0.3294579937972287,0.5461689269519759,0.8756269207492047
25.302020202020206,51,96.01440576230493,-0.31581529419145965,0.5305710899920764,0.846386384183536
25.302020202020206,51,96.15846338535414,-0.30197542442967334,0.5147141151806602,0.8166895396103335
25.302020202020206,51,96.30252100840335,-0.28794712746436907,0.49860592178540686,0.7865530492497759
25.302020202020206,51,96.44657863145255,-0.2737392566459401,0.4822545447851064,0.7559938014310466
25.302020202020206,51,96.59063625450176,-0.2593607696734293,0.4656681303060198,0.7250288999794491
25.302020202020206,51,96.73469387755102,-0.24482072248454573,0.44885493100432405,0.6936756534888697
25.302020202020206,51,96.87875150060023,-0.23012826308981899,0.4318233013978522,0.6619515644876712
25.302020202020206,51,97.02280912364944,-0.21529262535559796,0.41458169315013466,0.6298743185057326
25.302020202020206,51,97.16686674669864,-0.20032312274068712,0.3971386503100786,0.5974617730507658
25.302020202020206,51,97.31092436974791,-0.18522914199142518,0.37950280451037294,0.5647319465017981
25.302020202020206,51,97.45498199279712,-0.17002013680006114,0.36168287012789624,0.5317030069279574
25.302020202020206,51,97.59903961584632,-0.1547056214312224,0.3436876394092721,0.4983932608404945
25.302020202020206,51,97.74309723889553,-0.13929516432136668,0.32552597756494733,0.464821141886314
25.302020202020206,51,97.88715486194474,-0.12379838165609737,0.30720681783494813,0.4310051994910455
25.302020202020206,51,98.031212484994,-0.10822493093014558,0.2887391565296027,0.39696408745974826
25.302020202020206,51,98.17527010804321,-0.0925845044949185,0.2701320480485593,0.3627165525434778
25.302020202020206,51,98.31932773109241,-0.0768868230984755,0.25139459988125057,0.32828142297972607
25.302020202020206,51,98.46338535414162,-0.06114162942277775,0.23253596759223918,0.29367759701501694
25.302020202020206,51,98.60744297719089,-0.04535868162301682,0.21356534979457711,0.2589240314175939
25.302020202020206,51,98.75150060024009,-0.029547746873882137,0.19449198311458407,0.22403972998846622
25.302020202020206,51,100.62424969987995,0.17412030580778526,-0.05857123823409726,0.23269154404188253
25.302020202020206,51,100.76830732292916,0.18930762596014328,-0.07810392623043914,0.26741155219058244
25.302020202020206,51,100.91236494597837,0.20437965571620995,-0.09759966499301438,0.30197932070922434
25.302020202020206,51,101.05642256902757,0.21932733750536698,-0.11704928905837306,0.33637662656374
25.302020202020206,51,101.20048019207684,0.23414170889948785,-0.13644367877306135,0.3705853876725492
25.302020202020206,51,101.34453781512605,0.24881390816366214,-0.15577376494443887,0.404587673108101
25.302020202020206,51,101.48859543817525,0.2633351797171455,-0.1750305334420261,0.4383657131591716
25.302020202020206,51,101.63265306122446,0.2776968795009947,-0.19420502974656167,0.4719019092475564
25.302020202020206,51,101.77671068427367,0.29189048024867964,-0.2132883634442115,0.5051788436928911
25.302020202020206,51,101.92076830732293,0.3059075766562745,-0.23227171266330515,0.5381792893195796
25.302020202020206,51,102.06482593037214,0.3197398904488428,-0.2511463284510378,0.5708862188998807
25.302020202020206,51,102.20888355342134,0.3333792753397622,-0.26990353908774517,0.6032828144275073
25.302020202020206,51,102.35294117647055,0.3468177218797584,-0.28853475433618164,0.63535247621594
25.302020202020206,51,102.49699879951982,0.3600473621926102,-0.30703146962355243,0.6670788318161627
25.302020202020206,51,102.64105642256902,0.3730604745945731,-0.3253852701539203,0.6984457447484934
25.302020202020206,51,102.78511404561823,0.3858494880946452,-0.3435878349488186,0.7294373230434639
25.302020202020206,51,102.92917166866744,0.3984069867729063,-0.3616309408137942,0.7600379275867005
25.302020202020206,51,103.07322929171664,0.41072571403435826,-0.37950646622881373,0.790232180263172
25.302020202020206,51,103.21728691476591,0.42279857673564686,-0.39720639516050354,0.8200049718961504
25.302020202020206,51,103.36134453781511,0.4346186491823465,-0.4147228207941455,0.8493414699764921
25.302020202020206,51,103.50540216086432,0.4461791769944605,-0.4320479491836633,0.8782271261781238
25.302020202020206,51,103.64945978391353,0.45747358083797085,-0.4491741028175813,0.9066476836555522
25.302020202020206,51,103.79351740696279,0.4684954600204049,-0.4660937240992914,0.9345891841196963
25.302020202020206,51,103.937575030012,0.4792385959484048,-0.48279937873985734,0.9620379746882621
25.302020202020206,51,104.0816326530612,0.48969695544558384,-0.4992837590618042,0.9889807145073881
25.302020202020206,51,104.22569027611041,0.4998646939288827,-0.5155396872122047,1.0154043811410873
25.302020202020206,51,104.36974789915962,0.5097361584419133,-0.5315601182836693,1.0412962767255827
25.302020202020206,51,104.51380552220888,0.5193058905437823,-0.5473381433418013,1.0666440338855836
25.302020202020206,51,104.65786314525809,0.52856862905209,-0.5628669923577252,1.0914356214098153
25.302020202020206,51,104.8019207683073,0.5375193126389013,-0.5781400370445235,1.1156593496834248
25.302020202020206,51,104.9459783913565,0.5461530822785898,-0.5931507935962638,1.1393038758748535
25.302020202020206,51,105.09003601440577,0.5544652835466106,-0.6078929253286087,1.1623582088752193
25.302020202020206,51,105.23409363745498,0.5624514687683184,-0.6223602452198697,1.184811713988188
25.302020202020206,51,105.37815126050418,0.5701073990171757,-0.6365467183516701,1.2066541173688456
25.302020202020206,51,105.52220888355339,0.5774290459617278,-0.6504464642481758,1.2278755102099037
25.302020202020206,51,105.6662665066026,0.5844125935608682,-0.6640537591132065,1.2484663526740747
25.302020202020206,51,105.81032412965186,0.591054439607091,-0.6773630379644316,1.2684174775715227
25.302020202020206,51,105.95438175270107,0.5973511971174224,-0.6903688966639898,1.2877200937814122
25.302020202020206,51,106.09843937575027,0.6032996955720036,-0.7030660938450175,1.306365789417021
25.302020202020206,51,106.24249699879948,0.6088969820003405,-0.7154495527334883,1.3243465347338288
25.302020202020206,51,106.38655462184875,0.614140321915282,-0.7275143628650039,1.341654684780286
25.302020202020206,51,106.53061224489795,0.619027200095095,-0.7392557816961323,1.3582829817912274
25.302020202020206,51,106.67466986794716,0.6235553212138668,-0.750669236110102,1.3742245573239686
25.302020202020206,51,106.81872749099637,0.6277226103208897,-0.7617503238165353,1.389472934137425
25.302020202020206,51,106.96278511404563,0.6315272131694526,-0.7724948146451959,1.4040220278146485
25.302020202020206,51,107.10684273709484,0.6349674963959171,-0.7828986517336142,1.4178661481295314
25.302020202020206,51,107.25090036014404,0.6380420475498131,-0.7929579526087143,1.4310000001585275
25.302020202020206,51,107.39495798319325,0.6407496749759111,-0.8026690101624201,1.4434186851383313
25.302020202020206,51,107.53901560624246,0.6430894075493392,-0.8120282935215032,1.4551177010708423
25.302020202020206,51,107.68307322929172,0.6450604942649021,-0.8210324488118593,1.4660929430767613
25.302020202020206,51,107.82713085234093,0.6466624036818058,-0.8296782998175369,1.4763407034993428
25.302020202020206,51,107.97118847539014,0.6478948232252368,-0.8379628485349219,1.4858576717601588
25.302020202020206,51,108.11524609843934,0.6487576583462356,-0.8458832756224853,1.494640933968721
25.302020202020206,51,108.2593037214886,0.6492510315413759,-0.8534369407466494,1.5026879722880253
25.302020202020206,51,108.40336134453781,0.6493752812340203,-0.8606213828243247,1.5099966640583449
25.302020202020206,51,108.54741896758702,0.6491309605187682,-0.867434320162819,1.5165652806815872
25.302020202020206,51,108.69147659063623,0.6485188357711182,-0.8738736504977807,1.522392486268899
25.302020202020206,51,108.83553421368543,0.6475398851241546,-0.8799374509299916,1.5274773360541463
25.302020202020206,51,108.9795918367347,0.6461952968142981,-0.8856239777618463,1.5318192745761445
25.302020202020206,51,109.1236494597839,0.6444864673983832,-0.8909316662344153,1.5354181336327986
25.302020202020206,51,109.26770708283311,0.6424149998440151,-0.8958591301660868,1.5382741300101017
25.302020202020206,51,109.41176470588232,0.6399827014957797,-0.9004051614937747,1.5403878629895544
25.302020202020206,51,109.55582232893158,0.63719158191937,-0.9045687297178036,1.5417603116371734
25.302020202020206,51,109.69987995198079,0.6340438506263192,-0.908348981251604,1.5423928318779232
25.302020202020206,51,109.84393757503,0.6305419146816534,-0.9117452386774213,1.5422871533590747
25.302020202020206,51,109.9879951980792,0.6266883761972263,-0.9147569999092706,1.541445376106497
25.302020202020206,51,110.13205282112841,0.622486029713167,-0.9173839372644622,1.5398699669776292
25.302020202020206,51,110.27611044417768,0.6179378594703397,-0.9196258964450361,1.5375637559153759
25.302020202020206,51,110.42016806722688,0.6130470365765281,-0.9214828954305079,1.534529932007036
25.302020202020206,51,110.56422569027609,0.6078169160691108,-0.9229551232833944,1.530772039352505
25.302020202020206,51,110.7082833133253,0.6022510338771869,-0.9240429388689917,1.5262939727461786
25.302020202020206,51,110.85234093637456,0.5963531036860766,-0.9247468694909636,1.5210999731770403
25.302020202020206,51,110.99639855942377,0.590127013707167,-0.9250676094443208,1.515194623151488
25.302020202020206,51,111.14045618247297,0.5835768233561714,-0.9250060184874214,1.5085828418435927
25.302020202020206,51,111.28451380552218,0.5767067598428625,-0.9245631202346442,1.5012698800775066
25.302020202020206,51,111.42857142857139,0.5695212146753904,-0.923740100471466,1.4932613151468566
25.302020202020206,51,111.57262905162065,0.5620247400823831,-0.9225383053936537,1.4845630454760368
25.302020202020206,51,111.71668667466986,0.5542220453559741,-0.9209592397723751,1.4751812851283492
25.302020202020206,51,111.86074429771907,0.5461179931190543,-0.9190045650470133,1.4651225581660676
25.302020202020206,51,112.00480192076827,0.5377175955199365,-0.9166760973475465,1.454393692867483
25.302020202020206,51,112.14885954381754,0.5290260103577329,-0.9139758054483498,1.4430018158060827
25.302020202020206,51,112.29291716686674,0.5200485371418123,-0.9109058086553242,1.4309543457971365
25.302020202020206,51,112.43697478991595,0.5107906130885882,-0.9074683746282761,1.4182589877168643
25.302020202020206,51,112.58103241296516,0.5012578090589804,-0.9036659171404983,1.4049237261994787
25.302020202020206,51,112.72509003601436,0.49145582544000743,-0.8995009937775218,1.3909568192175292
25.302020202020206,51,112.86914765906363,0.48139048797374545,-0.8949763035770372,1.3763667915507827
25.302020202020206,51,113.01320528211284,0.47106774353714526,-0.890094684612006,1.3611624281491512
25.302020202020206,51,113.15726290516204,0.4604936558760096,-0.8848591115189604,1.34535276739497
25.302020202020206,51,113.30132052821125,0.4496744012965725,-0.8792726929735912,1.3289470942701638
25.302020202020206,51,113.44537815126051,0.43861626431804823,-0.873338669115638,1.3119549334336862
25.302020202020206,51,113.58943577430972,0.42732563328953393,-0.8670604089251911,1.294386042214725
25.302020202020206,51,113.73349339735893,0.4158089959746374,-0.8604414075524549,1.2762504035270923
25.302020202020206,51,113.87755102040813,0.40407293510719194,-0.8534852836031102,1.257558218710302
25.302020202020206,51,114.02160864345734,0.39212412392148077,-0.8461957763813407,1.2383199003028214
25.302020202020206,51,114.1656662665066,0.37996932166021347,-0.8385767430926483,1.2185460647528616
25.302020202020206,51,114.30972388955581,0.3676153690636908,-0.8306321560085919,1.1982475250722826
25.302020202020206,51,114.45378151260502,0.35506918384335767,-0.8223660995955,1.1774352834388577
25.302020202020206,51,114.59783913565423,0.34233775614315065,-0.8137827676093522,1.1561205237525027
25.302020202020206,51,114.74189675870349,0.32942814399179177,-0.8048864601588954,1.134314604150687
25.302020202020206,51,114.8859543817527,0.3163474687493747,-0.795681580739138,1.1120290494885126
25.302020202020206,51,115.0300120048019,0.3031029105513536,-0.7861726332372897,1.0892755437886432
25.302020202020206,51,115.17406962785111,0.28970170375319393,-0.776364218913307,1.066065922666501
25.302020202020206,51,115.31812725090032,0.2761511323787779,-0.7662610333571165,1.0424121657358945
25.302020202020206,51,115.46218487394958,0.2624585255757183,-0.7558678634245934,1.0183263890003118
25.302020202020206,51,115.60624249699879,0.24863125308057168,-0.7451895841544174,0.993820837234989
25.302020202020206,51,115.750300120048,0.2346767206971255,-0.7342311556678124,0.9689078763649379
25.302020202020206,51,115.8943577430972,0.22060236579059567,-0.7229976200533104,0.943599985843906
25.302020202020206,51,116.03841536614647,0.2064156528008059,-0.7114940982385097,0.9179097510393156
25.302020202020206,51,116.18247298919567,0.19212406877714386,-0.6997257868509181,0.891849855628062
25.302020202020206,51,116.32653061224488,0.17773511893827618,-0.6876979550698158,0.865433074008092
25.302020202020206,51,116.47058823529409,0.16325632225927403,-0.6754159414712387,0.8386722637305127
25.302020202020206,51,116.6146458583433,0.14869520708903822,-0.6628851508679682,0.8115803579570064
25.302020202020206,51,116.75870348139256,0.13405930680064593,-0.6501110511465124,0.7841703579471583
25.302020202020206,51,116.90276110444177,0.11935615547728239,-0.6370991701030638,0.7564553255803462
25.302020202020206,51,117.04681872749097,0.10459328363641877,-0.6238550922802357,0.7284483759166545
25.302020202020206,51,117.19087635054018,0.0897782139946154,-0.610384455806587,0.7001626698012023
25.302020202020206,51,117.33493397358944,0.0749184572755983,-0.5966929492407058,0.6716114065163041
25.302020202020206,51,117.47899159663865,0.06002150806389945,-0.5827863084217849,0.6428078164856844
25.302020202020206,51,117.62304921968786,0.04509484070648437,-0.5686703133283649,0.6137651540348493
25.302020202020206,51,117.76710684273706,0.030145905264635075,-0.5543507849471814,0.5844966902118165
25.302020202020206,51,117.91116446578627,0.015182123518298065,-0.5398335821537529,0.5550157056720509
25.302020202020206,51,118.05522208883554,0.00021088502513344617,-0.5251245986065136,0.5253354836316471
25.302020202020206,51,118.19927971188474,-0.014760456763733887,-0.5102297596561512,0.49546930289241736
25.302020202020206,51,118.34333733493395,-0.02972458832917126,-0.4951550192717784,0.46543043094260717
25.302020202020206,51,118.48739495798316,-0.044674239848707976,-0.47990635698564993,0.43523211713694193
25.302020202020206,51,118.63145258103242,-0.05960218889861285,-0.4644897748579709,0.40488758595935803
25.302020202020206,51,118.77551020408163,-0.0745012640914863,-0.4489112944633819,0.3744100303718956
25.302020202020206,51,118.91956782713083,-0.08936434864756672,-0.4331769539006039,0.3438126052530372
25.302020202020206,51,119.06362545018004,-0.10418438389817748,-0.4172928048268143,0.31310842092863683
25.302020202020206,51,119.20768307322925,-0.11895437271958124,-0.4012649095181752,0.2823105367985939
25.302020202020206,51,119.35174069627851,-0.13366738289575467,-0.38509933795791373,0.2514319550621591
25.302020202020206,51,119.49579831932772,-0.1483165504085997,-0.3688021649534137,0.22048561454481402
25.302020202020206,51,121.51260504201679,-0.3430459981802403,-0.13021314947460097,0.21283284870563932
25.302020202020206,51,121.656662665066,-0.3559693932989378,-0.11266577645363468,0.2433036168453031
25.302020202020206,51,121.8007202881152,-0.3687307808490908,-0.0950824342127065,0.27364834663638427
25.302020202020206,51,121.94477791116446,-0.381324883545631,-0.07746887248716293,0.30385601105846805
25.302020202020206,51,122.08883553421367,-0.39374653785692365,-0.059830800247143955,0.3339157376097797
25.302020202020206,51,122.23289315726288,-0.40599069572994617,-0.04217388357682018,0.363816812153126
25.302020202020206,51,122.37695078031209,-0.418052426228172,-0.02450374360218746,0.3935486826259845
25.302020202020206,51,122.52100840336135,-0.429926917082194,-0.006825954467816174,0.4231009626143778
25.302020202020206,51,122.66506602641056,-0.44160947615309076,0.010853958636808814,0.4524634347898996
25.302020202020206,51,122.80912364945976,-0.4530955328086559,0.028530521401019422,0.4816260542096753
25.302020202020206,51,122.95318127250897,-0.4643806392126838,0.04619831226616145,0.5105789514788452
25.302020202020206,51,123.09723889555818,-0.47546047152749465,0.06385196424800961,0.5393124357755043
25.302020202020206,51,123.24129651860744,-0.4863308310300002,0.08148616670798932,0.5678169977379895
25.302020202020206,51,123.38535414165665,-0.4969876451417141,0.09909566707282633,0.5960833122145405
25.302020202020206,51,123.52941176470586,-0.5074269683730369,0.1166752725024954,0.6241022408755323
25.302020202020206,51,123.67346938775506,-0.5176449831822905,0.13421985150605356,0.651864834688344
25.302020202020206,51,123.81752701080433,-0.5276380007500331,0.15172433550528674,0.6793623362553198
25.302020202020206,51,123.96158463385353,-0.5374024616692675,0.16918372034588058,0.7065861820151481
25.302020202020206,51,124.10564225690274,-0.5469349365520647,0.1865930677561403,0.733528004308205
25.302020202020206,51,124.24969987995195,-0.5562321265533146,0.20394750675299333,0.7601796333063079
25.302020202020206,51,124.39375750300121,-0.5652908638124007,0.22124223499534842,0.7865330988077491
25.302020202020206,51,124.53781512605042,-0.5741081118134475,0.23847252008466047,0.8125806318981079
25.302020202020206,51,124.68187274909963,-0.582680965665051,0.25563370081287307,0.8383146664779241
25.302020202020206,51,124.82593037214883,-0.5910066523003223,0.2727211883576039,0.8637278406579263
25.302020202020206,51,124.96998799519804,-0.5990825305981143,0.2897304674247815,0.8888129980228958
25.302020202020206,51,125.1140456182473,-0.6069060914264872,0.3066570973387568,0.913563188765244
25.302020202020206,51,125.25810324129651,-0.6144749576092705,0.32349671308006517,0.9379716706893357
25.302020202020206,51,125.40216086434572,-0.6217868838169094,0.3402450262710479,0.9620319100879573
25.302020202020206,51,125.54621848739492,-0.6288397563824609,0.3568978261094545,0.9857375824919155
25.302020202020206,51,125.69027611044419,-0.635631593044103,0.37345098025029944,1.0090825732944024
25.302020202020206,51,125.8343337334934,-0.6421605426150936,0.38990043563623283,1.0320609782513264
25.302020202020206,51,125.9783913565426,-0.6484248845824809,0.4062422192767536,1.0546671038592346
25.302020202020206,51,126.12244897959181,-0.6544230286357028,0.42247243897650466,1.0768954676122076
25.302020202020206,51,126.26650660264102,-0.6601535141263863,0.4385872840130389,1.0987407981394253
25.302020202020206,51,126.41056422569028,-0.6656150094605677,0.45458302576445214,1.1201980352250198
25.302020202020206,51,126.55462184873949,-0.6708063114246945,0.4704560182872151,1.1412623297119096
25.302020202020206,51,126.6986794717887,-0.6757263444467012,0.48620269884473605,1.1619290432914373
25.302020202020206,51,126.8427370948379,-0.6803741597934669,0.5018195883869565,1.1821937481804234
25.302020202020206,51,126.98679471788716,-0.6847489347062221,0.5173032919815898,1.2020522266878118
25.302020202020206,51,127.13085234093637,-0.6888499714750647,0.5326504991973905,1.221500470672455
25.302020202020206,51,127.27490996398558,-0.6926766964541954,0.5478579844400917,1.240534680894287
25.302020202020206,51,127.41896758703479,-0.6962286590192323,0.562922607241397,1.2591512662606292
25.302020202020206,51,127.56302521008399,-0.6995055304681185,0.5778413125017199,1.2773468429698385
25.302020202020206,51,127.70708283313326,-0.7025071028670518,0.5926111306872022,1.295118233554254
25.302020202020206,51,127.85114045618246,-0.705233287842982,0.6072291779815547,1.3124624658245367
25.302020202020206,51,127.99519807923167,-0.7076841153241741,0.6216926563934766,1.3293767717176506
25.302020202020206,51,128.13925570228088,-0.709859732230396,0.6359988538201339,1.3458585860505299
25.302020202020206,51,128.28331332533014,-0.7117604011141208,0.6501451440674689,1.3619055451815898
25.302020202020206,51,128.42737094837935,-0.7133864987545583,0.6641289868279073,1.3775154855824656
25.302020202020206,51,128.57142857142856,-0.7147385147058075,0.6779479276162803,1.3926864423220877
25.302020202020206,51,128.71548619447776,-0.7158170498008539,0.6915995976645329,1.4074166474653869
25.302020202020206,51,128.85954381752697,-0.7166228146129048,0.7050817137759827,1.4217045283888874
25.302020202020206,51,129.00360144057623,-0.7171566278757329,0.7183920781398934,1.4355487060156262
25.302020202020206,51,129.14765906362544,-0.7174194148644769,0.7315285781070224,1.4489479929714992
25.302020202020206,51,129.29171668667465,-0.7174122057385737,0.7444891859270036,1.4619013916655774
25.302020202020206,51,129.43577430972385,-0.7171361338483838,0.7572719584481962,1.47440809229658
25.302020202020206,51,129.57983193277312,-0.7165924340070979,0.7698750367808905,1.4864674707879884
25.302020202020206,51,129.72388955582232,-0.7157824407294604,0.7822966459245712,1.4980790866540317
25.302020202020206,51,129.86794717887153,-0.7147075864389655,0.7945350943601055,1.5092426807990709
25.302020202020206,51,130.01200480192074,-0.7133693996450555,0.8065887736075701,1.5199581732526255
25.302020202020206,51,130.15606242496995,-0.7117695030918987,0.8184561577505952,1.5302256608424938
25.302020202020206,51,130.3001200480192,-0.709909611880276,0.8301358029280171,1.5400454148082932
25.302020202020206,51,130.44417767106842,-0.7077915315642067,0.8416263467936264,1.5494178783578332
25.302020202020206,51,130.58823529411762,-0.7054171562238398,0.8529265079449168,1.5583436641687567
25.302020202020206,51,130.73229291716683,-0.7027884665161315,0.8640350853215759,1.5668235518377074
25.302020202020206,51,130.8763505402161,-0.6999075277048066,0.8749509575746237,1.5748584852794303
25.302020202020206,51,131.0204081632653,-0.6967764876712492,0.8856730824069731,1.5824495700782224
25.302020202020206,51,131.1644657863145,-0.6933975749076512,0.8962004958863373,1.5895980707939885
25.302020202020206,51,131.30852340936372,-0.689773096494111,0.9065323117312397,1.5963054082253507
25.302020202020206,51,131.45258103241292,-0.6859054360610081,0.9166677205710336,1.6025731566320416
25.302020202020206,51,131.5966386554622,-0.6817970517381651,0.9266059891807433,1.6084030409189083
25.302020202020206,51,131.7406962785114,-0.6774504740923154,0.9363464596915793,1.6137969337838947
25.302020202020206,51,131.8847539015606,-0.6728683040542027,0.9458885487780131,1.6187568528322158
25.302020202020206,51,132.0288115246098,-0.6680532108368347,0.9552317468221949,1.6232849576590296
25.302020202020206,51,132.17286914765907,-0.6630079298462396,0.9643756170565887,1.6273835469028284
25.302020202020206,51,132.31692677070828,-0.6577352605860354,0.9733197946856682,1.6310550552717036
25.302020202020206,51,132.46098439375749,-0.6522380645573833,0.9820639859875323,1.6343020505449157
25.302020202020206,51,132.6050420168067,-0.6465192631554287,0.9906079673962285,1.6371272305516573
25.302020202020206,51,132.7490996398559,-0.6405818355637103,0.9989515845656542,1.6395334201293645
25.302020202020206,51,132.89315726290516,-0.6344288166477476,1.007094751415863,1.6415235680636107
25.302020202020206,51,133.03721488595437,-0.6280632948492215,1.015037449162577,1.6431007440117986
25.302020202020206,51,133.18127250900358,-0.6214884100817667,1.022779725330769,1.6442681354125357
25.302020202020206,51,133.32533013205278,-0.6147073516299095,1.0303216927530696,1.6450290443829791
25.302020202020206,51,133.46938775510205,-0.6077233560521152,1.0376635285538673,1.6453868846059825
25.302020202020206,51,133.61344537815125,-0.6005397050892001,1.044805473119847,1.6453451782090471
25.302020202020206,51,133.75750300120046,-0.5931597235793915,1.0517478290578295,1.644907552637221
25.302020202020206,51,133.90156062424967,-0.5855867773810289,1.0584909601406478,1.6440777375216769
25.302020202020206,51,134.04561824729888,-0.5778242713040667,1.0650352902418165,1.6428595615458832
25.302020202020206,51,134.18967587034814,-0.5698756470514759,1.0713813022598724,1.6412569493113482
25.302020202020206,51,134.33373349339735,-0.561744381171598,1.0775295370330344,1.6392739182046325
25.302020202020206,51,134.47779111644655,-0.5534339830225262,1.0834805922450246,1.636914575267551
25.302020202020206,51,134.62184873949576,-0.5449479927494357,1.089235121322734,1.6341831140721697
25.302020202020206,51,134.76590636254502,-0.5362899792759461,1.0947938323265232,1.6310838116024693
25.302020202020206,51,134.90996398559423,-0.5274635383104299,1.1001574868338275,1.6276210251442573
25.302020202020206,51,135.05402160864344,-0.518472290368164,1.1053268988168674,1.6237991891850314
25.302020202020206,51,135.19807923169265,-0.5093198788103092,1.1103029335150858,1.619622812325395
25.302020202020206,51,135.34213685474185,-0.5000099679004543,1.1150865063030555,1.6150964742035097
25.302020202020206,51,135.48619447779112,-0.490546240879777,1.1196785815545498,1.6102248224343267
25.302020202020206,51,135.63025210084032,-0.48093239806146454,1.1240801715034139,1.6050125695648785
25.302020202020206,51,135.77430972388953,-0.4711721549452496,1.1282923351019578,1.5994644900472075
25.302020202020206,51,135.91836734693874,-0.461269240352878,1.1323161768774592,1.5935854172303372
25.302020202020206,51,136.062424969988,-0.4512273945851269,1.1361528457874728,1.5873802403725996
25.302020202020206,51,136.2064825930372,-0.44105036760124167,1.1398035340745425,1.580853901675784
25.302020202020206,51,136.35054021608642,-0.43074191722130944,1.1432694761209485,1.574011393342258
25.302020202020206,51,136.49459783913562,-0.42030580735235873,1.1465519473040926,1.5668577546564513
25.302020202020206,51,136.63865546218483,-0.4097458062387377,1.1496522628531125,1.5593980690918503
25.302020202020206,51,136.7827130852341,-0.3990656847374231,1.152571776707304,1.5516374614447273
25.302020202020206,51,136.9267707082833,-0.38826921461872277,1.1553118803769282,1.543581094995651
25.302020202020206,51,137.0708283313325,-0.3773601668931434,1.1578740018069484,1.5352341687000919
25.302020202020206,51,137.2148859543817,-0.3663423101646377,1.160259604244247,1.5266019144088847
25.302020202020206,51,137.35894357743098,-0.3552194090110004,1.1624701851088461,1.5176895941198465
25.302020202020206,51,137.50300120048018,-0.3439952223917229,1.164507274869657,1.5085024972613799
25.302020202020206,51,137.6470588235294,-0.3326735020837811,1.166372435925252,1.4990459380090333
25.302020202020206,51,137.7911164465786,-0.32125799114581166,1.168067261490156,1.4893252526359677
25.302020202020206,51,137.9351740696278,-0.3097524224109556,1.1695933744871359,1.4793457968980914
25.302020202020206,51,138.07923169267707,-0.29816051700888324,1.170952426445944,1.4691129434548273
25.302020202020206,51,138.22328931572628,-0.28648598291718547,1.1721460964089732,1.4586320793261587
25.302020202020206,51,138.36734693877548,-0.2747325135425565,1.1731760898442667,1.4479086033868231
25.302020202020206,51,138.5114045618247,-0.2629037863320286,1.1740441375662962,1.436947923898325
25.302020202020206,51,138.65546218487395,-0.25100346141440494,1.174751994664919,1.425755456079324
25.302020202020206,51,138.79951980792316,-0.23903518027230716,1.1753014394429218,1.414336619715229
25.302020202020206,51,138.94357743097237,-0.2270025644449216,1.175694272362536,1.4026968368074577
25.302020202020206,51,139.08763505402158,-0.2149092142617079,1.175932315001279,1.390841529262987
25.302020202020206,51,139.23169267707078,-0.20275870760716488,1.1760174090175042,1.378776116624669
25.302020202020206,51,139.37575030012005,-0.19055459871683617,1.1759514151259853,1.3665060138428216
25.302020202020206,51,139.51980792316925,-0.1783004170047171,1.1757362120838823,1.3540366290885995
25.302020202020206,51,139.66386554621846,-0.16599966592203774,1.1753736956873868,1.3413733616094246
25.302020202020206,51,139.80792316926767,-0.1536558218476165,1.174865777779384,1.3285215996270006
25.302020202020206,51,139.95198079231693,-0.1412723330098356,1.1742143852684013,1.3154867182782368
25.302020202020206,51,140.09603841536614,-0.12885261844013213,1.173421459159127,1.3022740775992592
25.302020202020206,51,140.24009603841534,-0.11640006695820435,1.1724889535947804,1.2888890205529848
25.302020202020206,51,140.38415366146455,-0.10391803618878144,1.1714188349115748,1.2753368711003563
25.302020202020206,51,140.52821128451376,-0.09140985161003463,1.1702130807055222,1.2616229323155568
25.302020202020206,51,140.67226890756302,-0.07887880563345644,1.1688736789118128,1.2477524845452692
25.302020202020206,51,140.81632653061223,-0.06632815671530103,1.167402626896989,1.2337307836122902
25.302020202020206,51,140.96038415366144,-0.053761128499344675,1.165801930564111,1.2195630590634556
25.302020202020206,51,141.10444177671064,-0.0411809089910003,1.1640736034711208,1.205254512462121
25.302020202020206,51,141.2484993997599,-0.028590649762516896,1.1622196659625812,1.190810315725098
25.302020202020206,51,141.39255702280911,-0.015993465189327587,1.1602421443149598,1.1762356095042874
25.302020202020206,51,141.53661464585832,-0.0033924317171705456,1.1581430698956297,1.1615355016128002
25.302020202020206,51,141.68067226890753,0.009209412840058369,1.1559244783357137,1.1467150654956553
25.302020202020206,51,141.8247298919568,0.021809069971869863,1.153588408716931,1.1317793387450612
25.302020202020206,51,141.968787515006,0.03440358111252745,1.1511369027725649,1.1167333216600375
25.302020202020206,51,142.1128451380552,0.04699002825218816,1.1485720041026601,1.101581975850472
25.302020202020206,51,142.2569027611044,0.059565534518257295,1.145895757403561,1.0863302228853038
25.302020202020206,51,142.40096038415362,0.07212726472701611,1.1431102077118982,1.070982942984882
25.302020202020206,51,142.54501800720288,0.08467242590599419,1.1402173996630718,1.0555449737570777
25.302020202020206,51,142.6890756302521,0.09719826778715304,1.1372193767643548,1.0400211089772018
25.302020202020206,51,142.8331332533013,0.10970208327127884,1.1341181806826235,1.0244160974113448
25.302020202020206,51,142.9771908763505,0.12218120886386856,1.1309158505468264,1.008734641682958
25.302020202020206,51,143.12124849939977,0.13463302508278574,1.1276144222651936,0.9929813971824079
25.302020202020206,51,143.26530612244898,0.14705495683799266,1.1242159278572477,0.977160971019255
25.302020202020206,51,143.40936374549818,0.15944447378376586,1.1207223948006177,0.9612779210168518
25.302020202020206,51,143.5534213685474,0.1717990906436408,1.1171358453927036,0.9453367547490628
25.302020202020206,51,143.6974789915966,0.18411636750850177,1.113458296127177,0.9293419286186753
25.302020202020206,51,143.84153661464586,0.19639391010812085,1.1096917570853178,0.9132978469771968
25.302020202020206,51,143.98559423769507,0.2086293700565466,1.1058382313422048,0.8972088612856582
25.302020202020206,51,144.12965186074427,0.22082044507172346,1.1018997143876974,0.8810792693159739
25.302020202020206,51,144.27370948379348,0.23296487916966213,1.0978781935622297,0.8649133143925676
25.302020202020206,51,144.41776710684275,0.2450604628336696,1.0937756475073537,0.848715184673684
25.302020202020206,51,144.56182472989195,0.25710503315890065,1.0895940456310105,0.8324890124721098
25.302020202020206,51,144.70588235294116,0.2690964739727467,1.085335347587462,0.8162388736147154
25.302020202020206,51,144.84993997599037,0.2810327159313845,1.0810015027718516,0.799968786840467
25.302020202020206,51,144.99399759903957,0.29291173659297903,1.0765944498293076,0.7836827132363287
25.302020202020206,51,145.13805522208884,0.30473156046787553,1.0721161161785449,0.7673845557106693
25.302020202020206,51,145.28211284513804,0.3164902590462713,1.0675684175498745,0.7510781585036033
25.302020202020206,51,145.42617046818725,0.32818595080382157,1.062953257537537,0.7347673067337155
25.302020202020206,51,145.57022809123646,0.3398168011855049,1.058272527166282,0.7184557259807771
25.302020202020206,51,145.71428571428572,0.35138102256833376,1.0535281044721012,0.7021470819037674
25.302020202020206,51,145.85834333733493,0.3628768742031593,1.0487218540970105,0.6858449798938512
25.302020202020206,51,146.00240096038414,0.3743026621362358,1.0438556268977741,0.6695529647615384
25.302020202020206,51,146.14645858343334,0.3856567391108662,1.0389312595684217,0.6532745204575555
25.302020202020206,51,146.29051620648255,0.39693750444953235,1.0339505742765946,0.6370130698270623
25.302020202020206,51,146.43457382953181,0.4081434039170931,1.0289153783133675,0.6207719743962745
25.302020202020206,51,146.57863145258102,0.4192729295654321,1.023827463756619,0.6045545341911869
25.302020202020206,51,146.72268907563023,0.43032461955998585,1.018688607147707,0.5883639875877211
25.302020202020206,51,146.86674669867944,0.4412970579886592,1.013500569181379,0.5722035111927197
25.302020202020206,51,147.0108043217287,0.4521888746535554,1.008265094408739,0.5560762197551836
25.302020202020206,51,147.1548619447779,0.4629987448459924,1.002983910953151,0.5399851661071586
25.302020202020206,51,147.2989195678271,0.4737253891052457,0.9976587302389126,0.5239333411336669
25.302020202020206,51,147.44297719087632,0.48436757296150273,0.992291246732576,0.5079236737710733
25.302020202020206,51,147.58703481392553,0.49492410666342096,0.9868831376967417,0.4919590310333208
25.302020202020206,51,147.7310924369748,0.5053938448908216,0.9814360629561685,0.47604221806534686
25.302020202020206,51,147.875150060024,0.5157756864529472,0.9759516646760668,0.4601759782231195
25.302020202020206,51,148.0192076830732,0.5260685739726847,0.9704315671523664,0.44436299317968175
25.302020202020206,51,148.1632653061224,0.5362714935573035,0.9648773766138395,0.428605883056536
25.302020202020206,51,148.30732292917168,0.5463834744560413,0.959290681035881,0.4129072065798397
25.302020202020206,51,148.45138055222088,0.5564035887050557,0.9536730499658003,0.3972694612607446
25.302020202020206,51,148.5954381752701,0.5663309507602079,0.9480260343594165,0.38169508359920856
25.302020202020206,51,148.7394957983193,0.5761647171180247,0.9423511664288188,0.366186449310794
25.302020202020206,51,148.8835534213685,0.5859040859253605,0.9366499595011025,0.35074587357574205
25.302020202020206,51,149.02761104441777,0.5955482965781762,0.9309239078878898,0.3353756113097136
25.302020202020206,51,149.17166866746697,0.6050966293098372,0.9251744867654833,0.3200778574556461
25.302020202020206,51,149.31572629051618,0.6145484047693691,0.9194031520654271,0.304854747296058
25.302020202020206,51,149.4597839135654,0.6239029835901463,0.9136113403753491,0.2897083567852028
25.302020202020206,51,149.60384153661465,0.6331597659493261,0.9078004688498519,0.2746407029005258
25.302020202020206,51,149.74789915966386,0.6423181911185707,0.9019719351313024,0.25965374401273167
25.302020202020206,51,149.89195678271307,0.6513777370063448,0.8961271172802939,0.2447493802739491
25.302020202020206,51,150.03601440576227,0.6603379196922954,0.8902673737156517,0.2299294540233563
25.302020202020206,51,150.18007202881148,0.6691982929540662,0.8843940431637373,0.21519575020967108
25.302020202020206,51,150.32412965186074,0.6779584477869597,0.8785084446168971,0.20054999682993746
25.302020202020206,51,154.78991596638656,0.8991433321016827,0.6962535791512047,0.20288975295047806
25.302020202020206,51,154.93397358943577,0.9046762589035146,0.6905545781192516,0.21412168078426297
25.302020202020206,51,155.07803121248497,0.9101129417751532,0.6848759499464864,0.22523699182866685
25.302020202020206,51,155.22208883553418,0.9154539236525449,0.6792183709138621,0.2362355527386828
25.302020202020206,51,155.3661464585834,0.920699766038255,0.6735825004395254,0.2471172655987296
25.302020202020206,51,155.51020408163265,0.9258510484793976,0.6679689812458125,0.2578820672335851
25.302020202020206,51,155.65426170468186,0.9309083680490202,0.662378439528987,0.2685299285200332
25.302020202020206,51,155.79831932773106,0.9358723388309439,0.6568114851316067,0.2790608536993372
25.302020202020206,51,155.94237695078027,0.9407435914083695,0.65126871171737,0.2894748796909995
25.302020202020206,51,156.08643457382954,0.9455227723562974,0.6457506969483146,0.2997720754079829
25.302020202020206,51,156.23049219687874,0.950210543737997,0.6402580026642356,0.30995254107376136
25.302020202020206,51,156.37454981992795,0.9548075826055807,0.6347911750641689,0.3200164075414118
25.302020202020206,51,156.51860744297716,0.9593145805048741,0.6293507448898592,0.32996383561501486
25.302020202020206,51,156.66266506602636,0.9637322429847127,0.6239372276110347,0.33979501537367807
25.302020202020206,51,156.80672268907563,0.9680612891107518,0.6185511236124037,0.3495101654983481
25.302020202020206,51,156.95078031212483,0.9723024509839483,0.6131929183822301,0.3591095326017182
25.302020202020206,51,157.09483793517404,0.9764564732637677,0.607863082702374,0.36859339056139373
25.302020202020206,51,157.23889555822325,0.9805241126963441,0.6025620728396921,0.377962039856652
25.302020202020206,51,157.3829531812725,0.9845061376475255,0.5972903307386583,0.38721580690886714
25.302020202020206,51,157.52701080432172,0.988403327641058,0.5920482842151394,0.39635504342591854
25.302020202020206,51,157.67106842737093,0.9922164729018911,0.5868363471511453,0.4053801257507458
25.302020202020206,51,157.81512605042013,0.9959463739047876,0.5816549196905197,0.41429145421426783
25.302020202020206,51,157.95918367346934,0.9995938409281518,0.5765043884354193,0.42308945249273255
25.302020202020206,51,158.1032412965186,1.003159693613427,0.5713851266435047,0.43177456696992234
25.302020202020206,51,158.2472989195678,1.0066447605298043,0.5662974944257251,0.44034726610407926
25.302020202020206,51,158.39135654261702,1.0100498787446068,0.5612418389446087,0.44880803979999817
25.302020202020206,51,158.53541416566623,1.0133758933992258,0.5562184946129655,0.4571573987862604
25.302020202020206,51,158.6794717887155,1.0166236572906666,0.5512277832929039,0.4653958739977627
25.302020202020206,51,158.8235294117647,1.0197940304589297,0.5462700144950755,0.4735240159638542
25.302020202020206,51,158.9675870348139,1.0228878797800147,0.5413454855780548,0.4815423942019599
25.302020202020206,51,159.1116446578631,1.0259060785648895,0.5364544819477686,0.4894515966171209
25.302020202020206,51,159.25570228091237,1.0288495061641285,0.5315972772568999,0.49725222890722864
25.302020202020206,51,159.39975990396158,1.0317190475785707,0.5267741336041846,0.5049449139743861
25.302020202020206,51,159.5438175270108,1.0345155930758116,0.5219853017334884,0.5125302913423232
25.302020202020206,51,159.68787515006,1.0372400378126507,0.5172310212326412,0.5200090165800095
25.302020202020206,51,159.8319327731092,1.03989328146354,0.5125115207319214,0.5273817607316186
25.302020202020206,51,159.97599039615847,1.042476227854894,0.5078270181021144,0.5346492097527796
25.302020202020206,51,160.12004801920767,1.0449897846055034,0.5031777206521034,0.5418120639534
25.302020202020206,51,160.26410564225688,1.0474348627729524,0.4985638253258701,0.5488710374470822
25.302020202020206,51,160.4081632653061,1.049812376505943,0.49398551889891473,0.5558268576070283
25.302020202020206,51,160.55222088835535,1.0521232427027636,0.48944297817396193,0.5626802645288016
25.302020202020206,51,160.69627851140456,1.054368380675648,0.4849363701759419,0.5694320104997062
25.302020202020206,51,160.84033613445376,1.0565487118212276,0.4804658523461312,0.5760828594750964
25.302020202020206,51,160.98439375750297,1.05866515929698,0.4760315727354672,0.5826335865615129
25.302020202020206,51,161.12845138055218,1.0607186477036756,0.4716336701969181,0.5890849775067575
25.302020202020206,51,161.27250900360144,1.0627101027737325,0.46727227457687553,0.5954378281968569
25.302020202020206,51,161.41656662665065,1.0646404510656486,0.46294750690554876,0.6016929441600999
25.302020202020206,51,161.56062424969986,1.0665106196643575,0.45865947958623976,0.6078511400781177
25.302020202020206,51,161.70468187274906,1.068321535887447,0.45440829658353016,0.6139132393039168
25.302020202020206,51,161.84873949579833,1.070074126997328,0.4501940536102727,0.6198800733870553
25.302020202020206,51,161.99279711884753,1.0717693199193283,0.4460168383133891,0.6257524816059392
25.302020202020206,51,162.13685474189674,1.0734080409655502,0.441876730458386,0.6315313105071643
25.302020202020206,51,162.28091236494595,1.074991215564607,0.43777380211259226,0.6372174134520148
25.302020202020206,51,162.42496998799515,1.0765197679971252,0.4337081178270436,0.6428116501700816
25.302020202020206,51,162.56902761104442,1.0779946211369935,0.4296797348170001,0.6483148863199935
25.302020202020206,51,162.71308523409363,1.0794166961983211,0.4256887031410525,0.6537279930572686
25.302020202020206,51,162.85714285714283,1.0807869124880443,0.42173506587877335,0.659051846609271
25.302020202020206,51,163.00120048019204,1.0821061871641984,0.4178188593069067,0.6642873278572916
25.302020202020206,51,163.1452581032413,1.0833754349997557,0.4139401130740334,0.6694353219257223
25.302020202020206,51,163.2893157262905,1.0845955681519854,0.4100988503737178,0.6744967177782677
25.302020202020206,51,163.43337334933972,1.085767495937328,0.4062950881160582,0.6794724078212698
25.302020202020206,51,163.57743097238892,1.0868921246116539,0.40252883709768195,0.6843632875139719
25.302020202020206,51,163.72148859543813,1.0879703571559949,0.3988001021701005,0.6891702549858945
25.302020202020206,51,163.8655462184874,1.0890030930674681,0.39510888240642617,0.693894210661042
25.302020202020206,51,164.0096038415366,1.089991228155647,0.3914551712664498,0.6985360568891972
25.302020202020206,51,164.1536614645858,1.0909356543439896,0.38783895676000074,0.703096697583989
25.302020202020206,51,164.29771908763502,1.0918372594765409,0.3842602216086356,0.7075770378679053
25.302020202020206,51,164.44177671068428,1.0926969271296785,0.38071894340559287,0.7119779837240856
25.302020202020206,51,164.5858343337335,1.0935155364289344,0.37721509477402226,0.7163004416549121
25.302020202020206,51,164.7298919567827,1.0942939618707315,0.373748643523454,0.7205453183472774
25.302020202020206,51,164.8739495798319,1.0950330731491449,0.3703195528045086,0.7247135203446362
25.302020202020206,51,165.0180072028811,1.0957337349874237,0.36692778126183034,0.7288059537255933
25.302020202020206,51,165.16206482593037,1.0963968069743055,0.36357328318522786,0.7328235237890777
25.302020202020206,51,165.30612244897958,1.0970231434051323,0.36025600865901963,0.7367671347461127
25.302020202020206,51,165.4501800720288,1.09761359312751,0.35697590370956833,0.7406376894179416
25.302020202020206,51,165.594237695078,1.0981689993916712,0.35373291045099453,0.7444360889406767
25.302020202020206,51,165.73829531812726,1.0986901997052214,0.35052696722907434,0.7481632324761471
25.302020202020206,51,165.88235294117646,1.0991780256924903,0.34735800876330497,0.7518200169291853
25.302020202020206,51,166.02641056422567,1.0996333029581247,0.3442259662871227,0.7554073366710019
25.302020202020206,51,166.17046818727488,1.100056850955075,0.3411307676862924,0.7589260832687825
25.302020202020206,51,166.31452581032408,1.1004494828568003,0.3380723376354549,0.7623771452213455
25.302020202020206,51,166.45858343337335,1.1008120054336388,0.3350505977328185,0.7657614077008204
25.302020202020206,51,166.60264105642256,1.1011452189332869,0.33206546663301706,0.7690797523002698
25.302020202020206,51,166.74669867947176,1.1014499169652525,0.32911686017809816,0.7723330567871544
25.302020202020206,51,166.89075630252097,1.1017268863893441,0.32620469152668846,0.7755221948626556
25.302020202020206,51,167.03481392557023,1.101976907207979,0.32332887128129295,0.7786480359266861
25.302020202020206,51,167.17887154861944,1.102200752462311,0.3204893076137636,0.7817114448485474
25.302020202020206,51,167.32292917166865,1.1023991881320927,0.31768590638890554,0.7847132817431872
25.302020202020206,51,167.46698679471785,1.1025729730392313,0.3149185712862637,0.7876544017529676
25.302020202020206,51,167.61104441776706,1.1027228587548894,0.3121872039200628,0.7905356548348266
25.302020202020206,51,167.75510204081633,1.1028495895101074,0.30949170395731135,0.7933578855527961
25.302020202020206,51,167.89915966386553,1.1029539021098926,0.3068319692340976,0.796121932875795
25.302020202020206,51,168.04321728691474,1.1030365258506367,0.3042078958700381,0.7988286299805987
25.302020202020206,51,168.18727490996395,1.1030981824408892,0.3016193783809343,0.801478804059955
25.302020202020206,51,168.3313325330132,1.103139585925293,0.2990663097896076,0.8040732761356855
25.302020202020206,51,168.47539015606242,1.103161442611704,0.2965485817349461,0.806612860876758
25.302020202020206,51,168.61944777911162,1.1031644510013716,0.29406608457914507,0.8090983664222265
25.302020202020206,51,168.76350540216083,1.1031493017221543,0.29161870751317603,0.8115305942089783
25.302020202020206,51,168.90756302521004,1.1031166774646028,0.2892063386604719,0.8139103388041309
25.302020202020206,51,169.0516206482593,1.103067252920991,0.28682886517885114,0.81623838774214
25.302020202020206,51,169.1956782713085,1.1030016947270584,0.28448617336068643,0.818515521366372
25.302020202020206,51,169.33973589435772,1.1029206614065403,0.2821781487313214,0.8207425126752189
25.302020202020206,51,169.48379351740692,1.1028248033182682,0.2799046761457595,0.8229201271725086
25.302020202020206,51,169.6278511404562,1.1027147626059526,0.2776656398836231,0.8250491227223296
25.302020202020206,51,169.7719087635054,1.1025911731503486,0.2754609237424058,0.8271302494079428
25.302020202020206,51,169.9159663865546,1.1024546605239625,0.27329041112900865,0.8291642493949538
25.302020202020206,51,170.0600240096038,1.1023058419480785,0.2711539851496044,0.831151856798474
25.302020202020206,51,170.20408163265301,1.1021453262520988,0.26905152869781235,0.8330937975542865
25.302020202020206,51,170.34813925570228,1.101973713835123,0.2669829245412068,0.8349907892939163
25.302020202020206,51,170.49219687875149,1.1017915966296796,0.26494805540618416,0.8368435412234955
25.302020202020206,51,170.6362545018007,1.10159955806759,0.2629468040611717,0.8386527540064181
25.302020202020206,51,170.7803121248499,1.1013981730478133,0.26097905339822564,0.8404191196495876
25.302020202020206,51,170.92436974789916,1.1011880079063183,0.25904468651300244,0.8421433213933158
25.302020202020206,51,171.06842737094837,1.1009696203878048,0.25714358678313987,0.8438260336046649
25.302020202020206,51,171.21248499399758,1.1007435596193529,0.2552756379450412,0.8454679216743117
25.302020202020206,51,171.35654261704678,1.100510366085712,0.25344072416909025,0.8470696419166218
25.302020202020206,51,171.500600240096,1.1002705716064558,0.25163873013330496,0.8486318414731508
25.302020202020206,51,171.64465786314526,1.1000246993146823,0.24986954109544535,0.8501551582192369
25.302020202020206,51,171.78871548619446,1.0997732636373576,0.24813304296358743,0.8516402206737702
25.302020202020206,51,171.93277310924367,1.099516770277176,0.2464291223651781,0.8530876479119979
25.302020202020206,51,172.07683073229288,1.0992557161959382,0.24475766671458493,0.8544980494813532
25.302020202020206,51,172.22088835534214,1.0989905895992256,0.24311856427915698,0.8558720253200686
25.302020202020206,51,172.36494597839135,1.0987218699225751,0.24151170424380808,0.8572101656787671
25.302020202020206,51,172.50900360144055,1.0984500278188747,0.23993697677413367,0.858513051044741
25.302020202020206,51,172.65306122448976,1.098175525147014,0.23839427307808062,0.8597812520689334
25.302020202020206,51,172.79711884753897,1.0978988149617768,0.23688348546618504,0.8610153294955918
25.302020202020206,51,172.94117647058823,1.0976203415047179,0.2354045074103831,0.8622158340943348
25.302020202020206,51,173.08523409363744,1.097340540196342,0.23395723360142004,0.863383306594922
25.302020202020206,51,173.22929171668665,1.0970598376291443,0.2325415600048583,0.864518277624286
25.302020202020206,51,173.37334933973585,1.0967786515616886,0.23115738391571297,0.8656212676459757
25.302020202020206,51,173.51740696278512,1.0964973909135984,0.22980460401171524,0.8666927869018832
25.302020202020206,51,173.66146458583432,1.0962164557614829,0.22848312040522864,0.8677333353562542
25.302020202020206,51,173.80552220888353,1.0959362373355817,0.22719283469381577,0.8687434026417659
25.302020202020206,51,173.94957983193274,1.0956571180173156,0.2259336500094899,0.8697234680078256
25.302020202020206,51,174.09363745498194,1.0953794713374851,0.2247054710666459,0.8706740002708393
25.302020202020206,51,174.2376950780312,1.0951036619751975,0.2235082042086916,0.8715954577665059
25.302020202020206,51,174.38175270108042,1.09483004575742,0.22234175745339532,0.8724882883040247
25.302020202020206,51,174.52581032412962,1.0945589696591387,0.22120604053695278,0.8733529291221859
25.302020202020206,51,174.66986794717883,1.094290771804087,0.2201009649567955,0.8741898068472915
25.302020202020206,51,174.8139255702281,1.0940257814660101,0.21902644401314567,0.8749993374528645
25.302020202020206,51,174.9579831932773,1.0937643190703283,0.21798239284933768,0.8757819262209907
25.302020202020206,51,175.1020408163265,1.0935066961963267,0.21696872849090548,0.8765379677054213
25.302020202020206,51,175.24609843937571,1.0932532155796846,0.2159853698834619,0.8772678456962226
25.302020202020206,51,175.39015606242492,1.0930041711153695,0.21503223792937023,0.8779719331859993
25.302020202020206,51,175.53421368547419,1.0927598478609053,0.21410925552322527,0.8786505923376801
25.302020202020206,51,175.6782713085234,1.092520522039843,0.21321634758615285,0.8793041744536902
25.302020202020206,51,175.8223289315726,1.0922864610455474,0.21235344109893575,0.8799330199466117
25.302020202020206,51,175.9663865546218,1.0920579234451924,0.21152046513398381,0.8805374583112086
25.302020202020206,51,176.11044417767107,1.0918351589839241,0.21071735088614982,0.8811178080977743
25.302020202020206,51,176.25450180072028,1.0916184085891811,0.20994403170240777,0.8816743768867734
25.302020202020206,51,176.39855942376948,1.0914079043751606,0.20920044311039623,0.8822074612647643
25.302020202020206,51,176.5426170468187,1.0912038696473352,0.2084865228458454,0.8827173468014897
25.302020202020206,51,176.68667466986795,1.0910065189071094,0.20780221087888825,0.8832043080282211
25.302020202020206,51,176.83073229291716,1.0908160578564343,0.2071474494392688,0.8836686084171655
25.302020202020206,51,176.97478991596637,1.0906326834024593,0.2065221830404546,0.8841105003620047
25.302020202020206,51,177.11884753901558,1.0904565836622357,0.205926358502663,0.8845302251595728
25.302020202020206,51,177.26290516206478,1.0902879379672812,0.2053599249748079,0.8849280129924733
25.302020202020206,51,177.40696278511405,1.0901269168681484,0.2048228339553728,0.8853040829127756
25.302020202020206,51,177.55102040816325,1.089973682138882,0.20431503931222253,0.8856586428266594
25.302020202020206,51,177.69507803121246,1.0898283867814078,0.20383649730135403,0.8859918894800538
25.302020202020206,51,177.83913565426167,1.0896911750297837,0.20338716658459777,0.886304008445186
25.302020202020206,51,177.98319327731093,1.0895621823542516,0.20296700824627248,0.8865951741079792
25.302020202020206,51,178.12725090036014,1.0894415354652587,0.2025759858088031,0.8868655496564556
25.302020202020206,51,178.27130852340935,1.08932935231716,0.2022140652473028,0.8871152870698573
25.302020202020206,51,178.41536614645855,1.0892257421118166,0.2018812150031276,0.8873445271086889
25.302020202020206,51,178.55942376950776,1.0891308053019508,0.20157740599640653,0.8875533993055443
25.302020202020206,51,178.70348139255702,1.0890446335943316,0.2013026116375544,0.8877420219567772
25.302020202020206,51,178.84753901560623,1.0889673099526584,0.2010568078377679,0.8879105021148905
25.302020202020206,51,178.99159663865544,1.0888989086002285,0.20083997301851103,0.8880589355817174
25.302020202020206,51,179.13565426170464,1.0888394950223814,0.2006520881199927,0.8881874069023887
25.302020202020206,51,179.2797118847539,1.0887891259686482,0.20049313660864018,0.888295989360008
25.302020202020206,51,179.42376950780312,1.088747849454639,0.20036310448357064,0.8883847449710683
25.302020202020206,51,179.56782713085232,1.0887157047636156,0.20026198028206166,0.8884537244815539
25.302020202020206,51,179.71188475390153,1.088692722447856,0.20018975508402592,0.88850296736383
25.302020202020206,51,179.85594237695074,1.0886789243296804,0.2001464225154892,0.8885325018141912
25.302020202020206,51,180.0,1.0886743235021858,0.20013197875107408,0.8885423447511118
