m,v,gv,sp,diff
35,-133.7575030012005,-0.027827,-0.027824690047815206,2.3099521847952387e-06
35,-128.57142857142858,0.001396,0.0013938725254509518,2.127474549048266e-06
35,128.57142857142856,-0.001396,-0.0013938725254225284,2.12747457747171e-06
35,133.75750300120046,0.027827,0.027824690047786795,2.3099522132065398e-06
