m,v,gv,sp,diff
35,-128.57142857142858,-0.001396,-0.0013939106298181566,2.0893701818435525e-06
35,-41.128451380552235,0.007381,0.007383173213613499,2.1732136134986965e-06
35,41.12845138055221,-0.007381,-0.007383173213648293,2.1732136482929126e-06
35,128.57142857142856,0.001396,0.0013939106298493968,2.089370150603351e-06
